species,lma,wsg,height,at,count,dbh.gr,ba.gr
Acalypha diversifolia,41.6,0.501,6.3,10,1101,8.99154287441923,401.102328904491
Acalypha diversifolia,41.6,0.501,6.3,20,1101,7.6455615890113,471.539533898494
Acalypha diversifolia,41.6,0.501,6.3,30,1097,7.68856153848698,632.435955179465
Acalypha diversifolia,41.6,0.501,6.3,40,868,7.81597076616956,774.961636428279
Acalypha diversifolia,41.6,0.501,6.3,50,638,8.22653922774055,907.256557068553
Acalypha diversifolia,41.6,0.501,6.3,60,488,8.77875750067222,1059.64790262521
Acalypha diversifolia,41.6,0.501,6.3,80,284,10.7922884056167,1531.08532503257
Acalypha diversifolia,41.6,0.501,6.3,100,135,4.99855477494509,755.024018213127
Adelia triloba,37.6,0.648,13.2,10,127,4.40113089405178,98.0647506547812
Adelia triloba,37.6,0.648,13.2,20,127,14.6537411124176,1151.32970233897
Adelia triloba,37.6,0.648,13.2,30,179,19.7880818468538,3004.80965767024
Adelia triloba,37.6,0.648,13.2,40,214,13.4123333401235,1581.68533740618
Adelia triloba,37.6,0.648,13.2,50,220,12.0284909403363,1531.66716815792
Adelia triloba,37.6,0.648,13.2,60,248,7.4373359693331,942.863441076683
Adelia triloba,37.6,0.648,13.2,80,309,6.89075514670309,1098.92635067156
Adelia triloba,37.6,0.648,13.2,100,353,7.48381625628476,1640.49471272145
Adelia triloba,37.6,0.648,13.2,120,345,7.1896611889012,1572.35754790241
Alibertia edulis,60.4,0.788,10.1,10,1029,2.23868799926422,44.1293723275951
Alibertia edulis,60.4,0.788,10.1,20,1029,2.90625954032378,148.412106112652
Alibertia edulis,60.4,0.788,10.1,30,892,3.10864533646056,199.877010673632
Alibertia edulis,60.4,0.788,10.1,40,674,3.32164684151216,253.467625539647
Alibertia edulis,60.4,0.788,10.1,50,489,2.82134093470241,249.761437431862
Alibertia edulis,60.4,0.788,10.1,60,376,2.37975133628309,244.57075224416
Alibertia edulis,60.4,0.788,10.1,80,218,1.59182868360196,223.608019209095
Alibertia edulis,60.4,0.788,10.1,100,131,0.599955388592898,83.4962161060632
Alibertia edulis,60.4,0.788,10.1,120,65,-0.044677118136363,24.6921214042393
Alseis blackiana,39.6,0.578,28.6,10,19543,2.7746082993432,54.0864518716413
Alseis blackiana,39.6,0.578,28.6,20,19543,3.86488796911737,201.685776150735
Alseis blackiana,39.6,0.578,28.6,30,14922,4.56530848091514,319.219766447394
Alseis blackiana,39.6,0.578,28.6,40,11381,5.16662711562531,483.333590371908
Alseis blackiana,39.6,0.578,28.6,50,8972,5.69886332746147,658.380779692485
Alseis blackiana,39.6,0.578,28.6,60,7549,6.62875673170112,947.872646232888
Alseis blackiana,39.6,0.578,28.6,80,5824,7.40120022155301,1373.76987662163
Alseis blackiana,39.6,0.578,28.6,100,4908,8.13354754604063,1814.78175374816
Alseis blackiana,39.6,0.578,28.6,120,4184,8.63476408813418,2257.9301134643
Andira inermis,45.2,0.683,20.8,10,551,3.5031621285354,91.3327251771145
Andira inermis,45.2,0.683,20.8,20,551,3.13845617596296,139.970068756522
Andira inermis,45.2,0.683,20.8,30,625,3.07364305838387,235.763060643423
Andira inermis,45.2,0.683,20.8,40,610,3.64478317990177,357.117281339531
Andira inermis,45.2,0.683,20.8,50,603,4.10215211913843,432.876800019967
Andira inermis,45.2,0.683,20.8,60,563,4.32755555554765,532.206247268094
Andira inermis,45.2,0.683,20.8,80,453,4.97259103185728,920.602492435999
Andira inermis,45.2,0.683,20.8,100,366,5.65805724367767,1218.16429496456
Andira inermis,45.2,0.683,20.8,120,300,5.98924668271918,1535.4038030567
Annona acuminata,53,0.645,8.4,10,1480,2.81890848952591,60.6894668345802
Annona acuminata,53,0.645,8.4,20,1480,3.02190006367001,138.03518351254
Annona acuminata,53,0.645,8.4,30,1183,2.88303722768178,180.931980148087
Annona acuminata,53,0.645,8.4,40,832,2.83525422777574,217.521062085147
Annona acuminata,53,0.645,8.4,50,604,2.20847290001186,190.636443714018
Annona acuminata,53,0.645,8.4,60,428,1.7681981818996,182.980367121487
Annona acuminata,53,0.645,8.4,80,186,1.56881811861959,209.985751160825
Annona acuminata,53,0.645,8.4,100,65,0.437470243173426,120.426647365602
Apeiba membranacea,24.4,0.321,28.4,10,52,11.9819573537452,752.848583963043
Apeiba membranacea,24.4,0.321,28.4,20,52,15.2085291414687,1506.23248899411
Apeiba membranacea,24.4,0.321,28.4,30,75,17.0959526431718,1946.93382208415
Apeiba membranacea,24.4,0.321,28.4,40,122,18.1998179769057,2671.17368795576
Apeiba membranacea,24.4,0.321,28.4,50,170,16.3867762873415,2409.88143546238
Apeiba membranacea,24.4,0.321,28.4,60,224,17.1883063128964,2803.66136340024
Apeiba membranacea,24.4,0.321,28.4,80,353,15.3537703176042,2956.22746223015
Apeiba membranacea,24.4,0.321,28.4,100,430,15.8114713196179,3667.99487719012
Apeiba membranacea,24.4,0.321,28.4,120,475,16.7554628482866,5070.73492310444
Aspidosperma spruceanum,92.7,0.77,38.6,10,1173,1.47895816942979,24.8755986393681
Aspidosperma spruceanum,92.7,0.77,38.6,20,1173,2.38520042856166,110.200794762211
Aspidosperma spruceanum,92.7,0.77,38.6,30,1003,3.05189727470576,190.479616974005
Aspidosperma spruceanum,92.7,0.77,38.6,40,849,3.89852790045616,440.885286245581
Aspidosperma spruceanum,92.7,0.77,38.6,50,699,4.70780415445547,592.906696588055
Aspidosperma spruceanum,92.7,0.77,38.6,60,547,5.64519157428404,851.037283469488
Aspidosperma spruceanum,92.7,0.77,38.6,80,392,13.5400658397524,2114.26346840325
Aspidosperma spruceanum,92.7,0.77,38.6,100,290,10.6882894546974,2687.57551980086
Aspidosperma spruceanum,92.7,0.77,38.6,120,216,13.6821594324503,4164.46921347935
Astronium graveolens,35.1,0.808,34.8,10,109,1.38427179209529,29.3545221251723
Astronium graveolens,35.1,0.808,34.8,20,109,9.06163567225756,493.200780502197
Astronium graveolens,35.1,0.808,34.8,30,87,9.08095315564536,760.963618985513
Astronium graveolens,35.1,0.808,34.8,40,75,9.29131598145981,1057.0564959107
Astronium graveolens,35.1,0.808,34.8,50,68,9.42829008998767,1162.23922569793
Astronium graveolens,35.1,0.808,34.8,60,65,9.71907603956261,1350.86455896822
Astronium graveolens,35.1,0.808,34.8,80,73,10.0396266352719,1625.85376524568
Astronium graveolens,35.1,0.808,34.8,100,82,12.9492898637831,3706.93389337812
Astronium graveolens,35.1,0.808,34.8,120,85,14.6935077218252,4448.37425986135
Beilschmiedia pendula,69.8,0.528,34.2,10,5385,2.96183587495834,61.4029012293604
Beilschmiedia pendula,69.8,0.528,34.2,20,5385,3.19028169770872,150.545541403124
Beilschmiedia pendula,69.8,0.528,34.2,30,4587,3.57116133704264,244.261792765262
Beilschmiedia pendula,69.8,0.528,34.2,40,3705,4.11719357934446,360.267332632938
Beilschmiedia pendula,69.8,0.528,34.2,50,2959,4.75906321381806,558.425384439915
Beilschmiedia pendula,69.8,0.528,34.2,60,2436,5.43978995412336,748.442824199113
Beilschmiedia pendula,69.8,0.528,34.2,80,1769,6.57339607329531,1278.56319775414
Beilschmiedia pendula,69.8,0.528,34.2,100,1326,7.92229296637422,1810.73522859308
Beilschmiedia pendula,69.8,0.528,34.2,120,1093,9.72687321119773,2956.61718879786
Brosimum alicastrum,48.1,0.672,37.4,10,1357,3.86277538694737,97.2679065813895
Brosimum alicastrum,48.1,0.672,37.4,20,1357,3.93317134637579,203.291397340939
Brosimum alicastrum,48.1,0.672,37.4,30,1714,4.32151409370108,296.839255372483
Brosimum alicastrum,48.1,0.672,37.4,40,1929,4.64203380748577,409.61180834845
Brosimum alicastrum,48.1,0.672,37.4,50,1968,4.84364831454243,512.774085596833
Brosimum alicastrum,48.1,0.672,37.4,60,1900,4.68832307793536,593.37297415349
Brosimum alicastrum,48.1,0.672,37.4,80,1711,5.19952978051009,785.726721556778
Brosimum alicastrum,48.1,0.672,37.4,100,1468,5.29913578130164,1015.40005966125
Brosimum alicastrum,48.1,0.672,37.4,120,1240,5.90961812217687,1369.52341121546
Calophyllum longifolium,85.6,0.541,36.4,10,3029,2.99899462725211,71.0495773350632
Calophyllum longifolium,85.6,0.541,36.4,20,3029,4.70873280480802,256.297552971589
Calophyllum longifolium,85.6,0.541,36.4,30,2164,6.35217391304348,484.043088942721
Calophyllum longifolium,85.6,0.541,36.4,40,1547,7.16037969290907,682.294714097869
Calophyllum longifolium,85.6,0.541,36.4,50,1146,7.06596761937094,822.976528762175
Calophyllum longifolium,85.6,0.541,36.4,60,917,7.68233412188799,989.529249482573
Calophyllum longifolium,85.6,0.541,36.4,80,629,9.29389108056218,1701.35023645494
Calophyllum longifolium,85.6,0.541,36.4,100,443,10.2511133268152,2520.85586774817
Calophyllum longifolium,85.6,0.541,36.4,120,328,10.4819972548963,3147.07826776007
Capparis frondosa,72.3,0.633,7.2,10,9120,1.58459869848156,29.008990029531
Capparis frondosa,72.3,0.633,7.2,20,9120,1.82119113573407,73.9458621530762
Capparis frondosa,72.3,0.633,7.2,30,8645,1.79541895683529,100.433896525091
Capparis frondosa,72.3,0.633,7.2,40,6808,1.73606880305281,126.582932128428
Capparis frondosa,72.3,0.633,7.2,50,5100,1.66239858302027,140.348869868432
Capparis frondosa,72.3,0.633,7.2,60,3664,1.77464375106722,172.112447365701
Capparis frondosa,72.3,0.633,7.2,80,1588,1.66545010472337,211.57371779804
Capparis frondosa,72.3,0.633,7.2,100,576,1.44587429177622,228.408105918541
Capparis frondosa,72.3,0.633,7.2,120,151,0.531919165113086,159.370599070292
Casearia aculeata,50.8,0.69,13.1,10,1000,2.80768934749854,65.2436639778289
Casearia aculeata,50.8,0.69,13.1,20,1000,3.43134431077881,165.016322066192
Casearia aculeata,50.8,0.69,13.1,30,888,3.63469432707428,230.51656887752
Casearia aculeata,50.8,0.69,13.1,40,777,3.87113419070718,334.262509034067
Casearia aculeata,50.8,0.69,13.1,50,667,3.91094290560348,390.96580190016
Casearia aculeata,50.8,0.69,13.1,60,582,3.55772554256598,415.755996117163
Casearia aculeata,50.8,0.69,13.1,80,415,3.54156428234918,496.481300004874
Casearia aculeata,50.8,0.69,13.1,100,301,3.21558118798973,541.550016572357
Casearia aculeata,50.8,0.69,13.1,120,229,2.96563787440473,574.410653206692
Casearia arborea,27.5,0.562,22.5,10,69,11.9754098360656,752.437191294211
Casearia arborea,27.5,0.562,22.5,20,69,12.0292055781776,1036.10035986114
Casearia arborea,27.5,0.562,22.5,30,92,10.3768683886305,952.661266540086
Casearia arborea,27.5,0.562,22.5,40,108,12.0656797483128,1329.96613989219
Casearia arborea,27.5,0.562,22.5,50,124,12.0990156035585,1619.27608277863
Casearia arborea,27.5,0.562,22.5,60,138,12.1122087993416,1846.66209296217
Casearia arborea,27.5,0.562,22.5,80,157,13.2121073466386,2266.6462855557
Casearia arborea,27.5,0.562,22.5,100,181,14.2751195919464,3424.24445236199
Casearia arborea,27.5,0.562,22.5,120,190,16.2686632543247,4222.09149079732
Casearia sylvestris,70.4,0.662,16.4,10,200,6.31178943998198,248.035747755231
Casearia sylvestris,70.4,0.662,16.4,20,200,5.62879133672186,326.507531283811
Casearia sylvestris,70.4,0.662,16.4,30,197,5.08398478361779,347.447567345376
Casearia sylvestris,70.4,0.662,16.4,40,203,4.9598123967381,427.917251461682
Casearia sylvestris,70.4,0.662,16.4,50,218,6.24543609395219,894.822770495167
Casearia sylvestris,70.4,0.662,16.4,60,217,6.54610194664435,1029.38746696944
Casearia sylvestris,70.4,0.662,16.4,80,221,7.99892339256357,1383.17869412736
Casearia sylvestris,70.4,0.662,16.4,100,234,8.623260243516,1638.68088656991
Casearia sylvestris,70.4,0.662,16.4,120,244,7.46574194916905,1571.28462187941
Cassipourea elliptica,75.4,0.66,24,10,2668,2.13828004045883,36.8875637982352
Cassipourea elliptica,75.4,0.66,24,20,2668,3.38022409412299,175.4065526023
Cassipourea elliptica,75.4,0.66,24,30,2330,4.22033939808666,319.304638669004
Cassipourea elliptica,75.4,0.66,24,40,1832,5.23503926739594,496.723803188768
Cassipourea elliptica,75.4,0.66,24,50,1519,5.76009815989948,678.750537520853
Cassipourea elliptica,75.4,0.66,24,60,1289,6.36876688146786,858.510293359007
Cassipourea elliptica,75.4,0.66,24,80,952,6.77235523631585,1189.13827054849
Cassipourea elliptica,75.4,0.66,24,100,741,7.30516474179167,1436.6802072881
Cassipourea elliptica,75.4,0.66,24,120,616,7.68212612163059,1801.67446770365
Cecropia insignis,NA,0.551,30.6,10,242,26.5326218075813,3104.94921772423
Cecropia insignis,NA,0.551,30.6,20,242,33.236045082768,5361.43187017986
Cecropia insignis,NA,0.551,30.6,30,324,37.6245505488383,7586.71533178514
Cecropia insignis,NA,0.551,30.6,40,389,40.1210050367806,8731.90353158171
Cecropia insignis,NA,0.551,30.6,50,444,34.54370842502,7652.04748395293
Cecropia insignis,NA,0.551,30.6,60,496,37.6755691430789,9523.96222330568
Cecropia insignis,NA,0.551,30.6,80,504,32.8622408086206,8595.33998831722
Cecropia insignis,NA,0.551,30.6,100,502,28.5185617920571,8585.64039142607
Cecropia insignis,NA,0.551,30.6,120,500,27.1079642002152,7975.60416536852
Celtis schippii,51.5,0.579,20.7,10,109,3.26011660358232,47.4682866818951
Celtis schippii,51.5,0.579,20.7,20,109,7.04940512799168,485.496317096878
Celtis schippii,51.5,0.579,20.7,30,190,8.91634773407767,749.76384469806
Celtis schippii,51.5,0.579,20.7,40,240,8.34960530365639,820.709282972415
Celtis schippii,51.5,0.579,20.7,50,295,8.01225628861087,937.66858608302
Celtis schippii,51.5,0.579,20.7,60,320,7.95505681896726,1088.42365209521
Celtis schippii,51.5,0.579,20.7,80,327,10.1753911910722,2056.80912950226
Celtis schippii,51.5,0.579,20.7,100,290,11.5542495685441,2561.44463221391
Celtis schippii,51.5,0.579,20.7,120,261,9.61520364618941,2809.94004035104
Cestrum megalophyllum,51.5,0.424,6.1,10,132,8.72259130699819,403.542835912888
Cestrum megalophyllum,51.5,0.424,6.1,20,132,7.17558056512764,433.643184174993
Cestrum megalophyllum,51.5,0.424,6.1,30,122,6.14151123891564,440.849036992264
Cestrum megalophyllum,51.5,0.424,6.1,40,94,5.70929206488659,493.085047058419
Cestrum megalophyllum,51.5,0.424,6.1,50,65,5.28193353864311,528.462008701529
Cestrum megalophyllum,51.5,0.424,6.1,60,51,4.93275619807023,557.36709102824
Chamguava schippii,66.9,NA,12.7,10,1070,3.43627891403819,75.7040418274465
Chamguava schippii,66.9,NA,12.7,20,1070,3.58505415002784,179.100841618395
Chamguava schippii,66.9,NA,12.7,30,883,3.76788966219647,269.914521957702
Chamguava schippii,66.9,NA,12.7,40,667,3.97530974405285,362.569408638521
Chamguava schippii,66.9,NA,12.7,50,505,4.42193323061804,532.111540431223
Chamguava schippii,66.9,NA,12.7,60,396,4.75431848410791,640.409952404393
Chamguava schippii,66.9,NA,12.7,80,263,3.95009014635125,573.18277044248
Chamguava schippii,66.9,NA,12.7,100,177,6.10599080644368,1045.64521742131
Chamguava schippii,66.9,NA,12.7,120,102,6.76994900114699,1252.91435542458
Chrysochlamys eclipes,87.9,0.507,7.6,10,933,2.55528777069354,49.4310015440632
Chrysochlamys eclipes,87.9,0.507,7.6,20,933,2.46706529238985,109.562875140426
Chrysochlamys eclipes,87.9,0.507,7.6,30,1059,2.45892741305416,145.333774783206
Chrysochlamys eclipes,87.9,0.507,7.6,40,1002,2.41308683442854,171.669907490081
Chrysochlamys eclipes,87.9,0.507,7.6,50,873,2.40123682508523,235.684889193255
Chrysochlamys eclipes,87.9,0.507,7.6,60,757,2.40851168457345,273.835371564308
Chrysochlamys eclipes,87.9,0.507,7.6,80,500,2.44087497081394,340.259415215029
Chrysochlamys eclipes,87.9,0.507,7.6,100,304,1.99693486879551,329.320190378457
Chrysochlamys eclipes,87.9,0.507,7.6,120,187,2.91233172042241,502.846759656822
Chrysophyllum argenteum,64.5,0.736,23.2,10,1696,3.36641112262431,74.0501839968097
Chrysophyllum argenteum,64.5,0.736,23.2,20,1696,4.37136850181437,241.495346600733
Chrysophyllum argenteum,64.5,0.736,23.2,30,1396,5.05222217959582,371.944521663411
Chrysophyllum argenteum,64.5,0.736,23.2,40,1106,6.15864842564629,580.74280049076
Chrysophyllum argenteum,64.5,0.736,23.2,50,859,6.21264717509487,711.276922953967
Chrysophyllum argenteum,64.5,0.736,23.2,60,698,6.40205968460236,908.426592022452
Chrysophyllum argenteum,64.5,0.736,23.2,80,508,6.98336784359443,1282.23551387646
Chrysophyllum argenteum,64.5,0.736,23.2,100,424,8.17002941038764,1791.66134739815
Chrysophyllum argenteum,64.5,0.736,23.2,120,377,7.57638675959117,1874.18562667984
Coccoloba manzinellensis,66.3,0.716,9.2,10,976,3.69813067796771,107.350765244055
Coccoloba manzinellensis,66.3,0.716,9.2,20,976,3.32693286053829,150.758377801976
Coccoloba manzinellensis,66.3,0.716,9.2,30,1015,3.29885013302291,200.946232900768
Coccoloba manzinellensis,66.3,0.716,9.2,40,890,3.32832908001991,268.235195005542
Coccoloba manzinellensis,66.3,0.716,9.2,50,715,3.82727875675415,384.355701686879
Coccoloba manzinellensis,66.3,0.716,9.2,60,579,3.51046123402655,390.045049110491
Coccoloba manzinellensis,66.3,0.716,9.2,80,363,3.43091379623045,489.384650460944
Coccoloba manzinellensis,66.3,0.716,9.2,100,231,3.14465834696047,537.69731553157
Coccoloba manzinellensis,66.3,0.716,9.2,120,163,2.87239929400416,574.46516788797
Cordia alliodora,30.5,0.455,31.6,10,95,20.8293889979193,1983.96161267983
Cordia alliodora,30.5,0.455,31.6,20,95,19.8702208666416,2214.90056487597
Cordia alliodora,30.5,0.455,31.6,30,94,17.256900757675,2037.15166816681
Cordia alliodora,30.5,0.455,31.6,40,87,18.8685942891982,2512.51763504635
Cordia alliodora,30.5,0.455,31.6,50,87,20.6499217171679,3490.5470094592
Cordia alliodora,30.5,0.455,31.6,60,91,22.2717651557157,4468.9532236252
Cordia alliodora,30.5,0.455,31.6,80,89,23.1240796273405,5397.25406992073
Cordia alliodora,30.5,0.455,31.6,100,93,25.9562989587194,6658.97350081311
Cordia alliodora,30.5,0.455,31.6,120,108,24.9058020777121,7203.47620413081
Cordia bicolor,41.8,0.373,24.8,10,775,12.8839585666293,839.880103828119
Cordia bicolor,41.8,0.373,24.8,20,775,16.9012039725996,1733.77422507847
Cordia bicolor,41.8,0.373,24.8,30,919,19.0475835664309,2450.67908350002
Cordia bicolor,41.8,0.373,24.8,40,910,19.7882022769436,2801.274427801
Cordia bicolor,41.8,0.373,24.8,50,893,21.1121305137309,3479.95567554372
Cordia bicolor,41.8,0.373,24.8,60,901,21.6514681097603,4071.88325192492
Cordia bicolor,41.8,0.373,24.8,80,899,21.618611933102,4763.43859149136
Cordia bicolor,41.8,0.373,24.8,100,928,20.1838505396332,4882.01908093265
Cordia bicolor,41.8,0.373,24.8,120,955,21.0281045860427,5893.42790555385
Cordia lasiocalyx,60.5,NA,13.9,10,1789,6.122850350593,199.015458926167
Cordia lasiocalyx,60.5,NA,13.9,20,1789,6.14406929153436,347.645140664865
Cordia lasiocalyx,60.5,NA,13.9,30,1977,6.14917128007857,452.72244710611
Cordia lasiocalyx,60.5,NA,13.9,40,2048,6.00082146768894,531.536054843956
Cordia lasiocalyx,60.5,NA,13.9,50,2219,5.71992539661171,601.688275525601
Cordia lasiocalyx,60.5,NA,13.9,60,2386,5.35649329667274,637.80110162735
Cordia lasiocalyx,60.5,NA,13.9,80,2423,4.92324450482781,719.11813088299
Cordia lasiocalyx,60.5,NA,13.9,100,2226,4.39292535208277,760.443825387782
Cordia lasiocalyx,60.5,NA,13.9,120,1966,4.03422863931817,812.345024052442
Coussarea curvigemmia,45.3,0.622,12.9,10,5077,3.17243561650819,71.1337463407851
Coussarea curvigemmia,45.3,0.622,12.9,20,5077,3.33059527335823,153.941474546378
Coussarea curvigemmia,45.3,0.622,12.9,30,4803,3.47054706911315,224.726240605873
Coussarea curvigemmia,45.3,0.622,12.9,40,4120,3.54405518066818,290.204963212289
Coussarea curvigemmia,45.3,0.622,12.9,50,3505,3.56192434865592,352.95002810685
Coussarea curvigemmia,45.3,0.622,12.9,60,2927,3.5774493279973,417.868623844823
Coussarea curvigemmia,45.3,0.622,12.9,80,2096,3.78959513210109,526.907065421879
Coussarea curvigemmia,45.3,0.622,12.9,100,1496,3.82310886213495,611.743576695702
Coussarea curvigemmia,45.3,0.622,12.9,120,1011,3.81469587112012,817.293173094063
Croton billbergianus,35,0.478,20.5,10,497,16.9663197182693,1420.79611952825
Croton billbergianus,35,0.478,20.5,20,497,18.9436188811189,1919.29856857583
Croton billbergianus,35,0.478,20.5,30,526,19.3707452929773,2467.24723168239
Croton billbergianus,35,0.478,20.5,40,533,19.2025254296374,2676.76047544034
Croton billbergianus,35,0.478,20.5,50,516,21.4529296120723,3921.66104576401
Croton billbergianus,35,0.478,20.5,60,505,21.4825121753053,3949.6322809161
Croton billbergianus,35,0.478,20.5,80,455,21.0016859982504,4786.28395297897
Croton billbergianus,35,0.478,20.5,100,393,19.8930732834813,4928.87938334853
Croton billbergianus,35,0.478,20.5,120,326,19.8946895457729,5506.35132511696
Cupania seemannii,54.8,0.665,13,10,3029,2.40438093755348,47.44211893841
Cupania seemannii,54.8,0.665,13,20,3029,3.89196197036458,204.773890703194
Cupania seemannii,54.8,0.665,13,30,2460,4.44866451884073,320.355573666776
Cupania seemannii,54.8,0.665,13,40,1896,4.88102040022313,434.424820244061
Cupania seemannii,54.8,0.665,13,50,1516,5.06264861334564,557.45539425648
Cupania seemannii,54.8,0.665,13,60,1264,5.34433434074683,646.103784192993
Cupania seemannii,54.8,0.665,13,80,918,5.33671735081071,827.246943339444
Cupania seemannii,54.8,0.665,13,100,695,5.40506009878169,1019.87523549204
Cupania seemannii,54.8,0.665,13,120,534,5.33523672940429,1188.42090857403
Dendropanax arboreus,65.5,0.411,24.5,40,54,5.03410357969982,560.035000134776
Dendropanax arboreus,65.5,0.411,24.5,50,76,5.25388802634573,634.03199825816
Dendropanax arboreus,65.5,0.411,24.5,60,92,7.29871001190564,886.509379960261
Dendropanax arboreus,65.5,0.411,24.5,80,124,7.0459457030051,1123.76111702913
Dendropanax arboreus,65.5,0.411,24.5,100,160,8.2457812258149,1934.75833235958
Dendropanax arboreus,65.5,0.411,24.5,120,179,8.48750989384893,2265.60952199169
Desmopsis panamensis,57.2,0.536,10.9,10,33999,1.99276599543227,37.1864213753042
Desmopsis panamensis,57.2,0.536,10.9,20,33999,2.44484395986706,110.388357831963
Desmopsis panamensis,57.2,0.536,10.9,30,28342,2.62932437260341,159.560940992316
Desmopsis panamensis,57.2,0.536,10.9,40,20697,2.66364434097065,200.590986194176
Desmopsis panamensis,57.2,0.536,10.9,50,15053,2.64862447251909,239.545419660803
Desmopsis panamensis,57.2,0.536,10.9,60,11056,2.59130993220007,281.171921908065
Desmopsis panamensis,57.2,0.536,10.9,80,6129,2.55947789168776,347.25409431494
Desmopsis panamensis,57.2,0.536,10.9,100,3247,2.61842414397241,444.396153606412
Desmopsis panamensis,57.2,0.536,10.9,120,1538,2.58781371267589,509.944770107993
Drypetes standleyi,80.1,0.618,28.7,10,4647,2.16667256091603,41.2974094132485
Drypetes standleyi,80.1,0.618,28.7,20,4647,2.735724191679,124.969036617242
Drypetes standleyi,80.1,0.618,28.7,30,4767,3.24952815910831,210.861470919985
Drypetes standleyi,80.1,0.618,28.7,40,4327,3.80871392501198,354.109676042744
Drypetes standleyi,80.1,0.618,28.7,50,4019,4.41681062884001,527.516873338495
Drypetes standleyi,80.1,0.618,28.7,60,3624,4.94487138436521,712.600404352247
Drypetes standleyi,80.1,0.618,28.7,80,2871,6.05547110308275,1055.21648165663
Drypetes standleyi,80.1,0.618,28.7,100,2423,6.89161938434629,1459.97817804196
Drypetes standleyi,80.1,0.618,28.7,120,1978,7.65954445995765,2053.93136245557
Erythroxylum macrophyllum,90.4,0.643,12.9,10,625,4.02708202494945,102.89057897152
Erythroxylum macrophyllum,90.4,0.643,12.9,20,625,3.86812192344838,191.055138522935
Erythroxylum macrophyllum,90.4,0.643,12.9,30,488,6.05550066806849,527.338056011818
Erythroxylum macrophyllum,90.4,0.643,12.9,40,343,6.67317309075256,653.036875671268
Erythroxylum macrophyllum,90.4,0.643,12.9,50,253,7.87916947732745,832.269647375004
Erythroxylum macrophyllum,90.4,0.643,12.9,60,210,10.1321248187559,1020.84395536474
Erythroxylum macrophyllum,90.4,0.643,12.9,80,162,7.32676903687196,1240.97102683044
Erythroxylum macrophyllum,90.4,0.643,12.9,100,112,7.34526269812682,1458.05125558503
Erythroxylum macrophyllum,90.4,0.643,12.9,120,82,6.88964752149613,1527.54642580245
Erythroxylum panamense,45.8,0.703,7.6,10,333,2.6159755081571,64.2202749111364
Erythroxylum panamense,45.8,0.703,7.6,20,333,2.64849475994428,121.040817103368
Erythroxylum panamense,45.8,0.703,7.6,30,267,2.42324124322068,143.427330578254
Erythroxylum panamense,45.8,0.703,7.6,40,178,2.20897953069399,160.245886906198
Erythroxylum panamense,45.8,0.703,7.6,50,123,2.04278523489933,176.483974887589
Erythroxylum panamense,45.8,0.703,7.6,60,78,1.80392739895576,183.831067078578
Eugenia coloradoensis,84.8,0.693,21.9,10,1559,1.77723098744104,19.5626486075367
Eugenia coloradoensis,84.8,0.693,21.9,20,1559,4.17113615921422,215.079961859657
Eugenia coloradoensis,84.8,0.693,21.9,30,1421,5.85847160776865,467.445693842105
Eugenia coloradoensis,84.8,0.693,21.9,40,1191,6.85198024402176,687.078168630966
Eugenia coloradoensis,84.8,0.693,21.9,50,992,7.38091335555689,849.694145170124
Eugenia coloradoensis,84.8,0.693,21.9,60,882,8.21116675671663,1122.64414279358
Eugenia coloradoensis,84.8,0.693,21.9,80,719,8.87239587755515,1634.41616905333
Eugenia coloradoensis,84.8,0.693,21.9,100,610,9.57777675137139,2068.09955244089
Eugenia coloradoensis,84.8,0.693,21.9,120,513,9.57435758740002,2310.8340419459
Eugenia galalonensis,63.8,0.636,16.1,10,5033,2.34815056303532,48.1050887391142
Eugenia galalonensis,63.8,0.636,16.1,20,5033,2.86111458764479,133.844145855431
Eugenia galalonensis,63.8,0.636,16.1,30,3338,3.24126968986035,220.153654824584
Eugenia galalonensis,63.8,0.636,16.1,40,2040,3.68941376410066,303.687152562154
Eugenia galalonensis,63.8,0.636,16.1,50,1286,4.13922410835256,463.729974283805
Eugenia galalonensis,63.8,0.636,16.1,60,888,4.65674347247505,687.771501531076
Eugenia galalonensis,63.8,0.636,16.1,80,450,6.21058552016157,954.433059791454
Eugenia galalonensis,63.8,0.636,16.1,100,268,10.4203145771777,3336.09261908238
Eugenia galalonensis,63.8,0.636,16.1,120,171,11.6276429793055,3816.31508202828
Eugenia nesiotica,53.9,0.732,21.1,10,1384,1.97340444388787,40.6914148185976
Eugenia nesiotica,53.9,0.732,21.1,20,1384,2.8989707462562,119.693382324526
Eugenia nesiotica,53.9,0.732,21.1,30,1045,2.80649580197136,178.944361665898
Eugenia nesiotica,53.9,0.732,21.1,40,758,4.18683893311966,418.454512794258
Eugenia nesiotica,53.9,0.732,21.1,50,547,4.84015239506209,527.920874315205
Eugenia nesiotica,53.9,0.732,21.1,60,451,5.14833934417044,722.3100764579
Eugenia nesiotica,53.9,0.732,21.1,80,329,5.86825527171855,1002.98078226942
Eugenia nesiotica,53.9,0.732,21.1,100,290,6.46701317058587,1461.89625846275
Eugenia nesiotica,53.9,0.732,21.1,120,243,7.15498288882901,1785.92521734625
Eugenia oerstediana,54.4,0.656,16.7,10,4472,4.13045234248788,104.396818852718
Eugenia oerstediana,54.4,0.656,16.7,20,4472,4.88553295897565,266.322076987097
Eugenia oerstediana,54.4,0.656,16.7,30,3978,6.09318168259168,482.196914038655
Eugenia oerstediana,54.4,0.656,16.7,40,3381,7.24459024857808,716.576315906721
Eugenia oerstediana,54.4,0.656,16.7,50,2873,8.41838827007595,1123.47567403243
Eugenia oerstediana,54.4,0.656,16.7,60,2540,9.19417053147772,1373.50544353467
Eugenia oerstediana,54.4,0.656,16.7,80,1968,10.9203360279455,2165.89186075985
Eugenia oerstediana,54.4,0.656,16.7,100,1570,11.7391761289443,2633.14708819425
Eugenia oerstediana,54.4,0.656,16.7,120,1255,12.521164936287,3338.07249784589
Faramea occidentalis,63.7,0.609,15.7,10,56065,3.16290432155722,66.7023335331241
Faramea occidentalis,63.7,0.609,15.7,20,56065,3.72259698451339,186.479877651856
Faramea occidentalis,63.7,0.609,15.7,30,61263,3.97010869565217,268.393972986585
Faramea occidentalis,63.7,0.609,15.7,40,60156,4.10775950235028,348.04097377511
Faramea occidentalis,63.7,0.609,15.7,50,56340,4.20366844847389,426.067043939057
Faramea occidentalis,63.7,0.609,15.7,60,51261,4.22652224245901,498.890247456618
Faramea occidentalis,63.7,0.609,15.7,80,40269,4.27318329449041,639.760251250088
Faramea occidentalis,63.7,0.609,15.7,100,30860,4.32495432477999,778.464964810137
Faramea occidentalis,63.7,0.609,15.7,120,23203,4.3651422164808,892.465864388827
Ficus tonduzii,76.3,0.357,11.2,60,55,10.885802260029,1467.00606669426
Ficus tonduzii,76.3,0.357,11.2,80,72,9.34640837019062,1772.2039233223
Ficus tonduzii,76.3,0.357,11.2,100,73,11.2716842818408,2910.49710644417
Ficus tonduzii,76.3,0.357,11.2,120,75,9.91334932804363,2872.78467228223
Garcinia intermedia,102.2,0.654,15.9,10,12975,1.54639376275631,24.3477703766176
Garcinia intermedia,102.2,0.654,15.9,20,12975,2.33510483367354,110.245467985286
Garcinia intermedia,102.2,0.654,15.9,30,10873,2.99596487052062,215.340846020576
Garcinia intermedia,102.2,0.654,15.9,40,8388,3.78394220283533,333.205192530724
Garcinia intermedia,102.2,0.654,15.9,50,6448,4.33360202116162,474.418915126519
Garcinia intermedia,102.2,0.654,15.9,60,4944,4.90512592187404,606.630770878489
Garcinia intermedia,102.2,0.654,15.9,80,3157,5.52785330535092,845.998517431226
Garcinia intermedia,102.2,0.654,15.9,100,2102,5.68256709487163,1084.62053469444
Garcinia intermedia,102.2,0.654,15.9,120,1439,5.59965301898852,1257.35349130385
Garcinia madruno,105.1,0.649,16.4,10,1151,1.30169164546826,19.4038608753327
Garcinia madruno,105.1,0.649,16.4,20,1151,3.1904089137293,147.598490491777
Garcinia madruno,105.1,0.649,16.4,30,957,3.52619234395096,255.162096564143
Garcinia madruno,105.1,0.649,16.4,40,718,4.17482232419558,357.049460235863
Garcinia madruno,105.1,0.649,16.4,50,570,5.11671371373506,598.224995986632
Garcinia madruno,105.1,0.649,16.4,60,408,5.29384831354207,667.165665834711
Garcinia madruno,105.1,0.649,16.4,80,232,6.09153884581252,888.647509450564
Garcinia madruno,105.1,0.649,16.4,100,139,6.79578303861098,1099.19701791297
Garcinia madruno,105.1,0.649,16.4,120,99,5.64844865020532,1183.46340622959
Guapira standleyana,38,0.511,32.2,10,81,6.57502650924305,246.426380077199
Guapira standleyana,38,0.511,32.2,20,81,5.33456815970307,282.350703702226
Guapira standleyana,38,0.511,32.2,30,134,7.08997428390053,605.902862555166
Guapira standleyana,38,0.511,32.2,40,176,6.72016187074878,622.068376774631
Guapira standleyana,38,0.511,32.2,50,220,7.21155750868503,880.896149389687
Guapira standleyana,38,0.511,32.2,60,265,8.56277013442191,1450.61029310436
Guapira standleyana,38,0.511,32.2,80,283,11.1405958627299,2451.14995061069
Guapira standleyana,38,0.511,32.2,100,281,11.2239833416713,2754.23794843192
Guapira standleyana,38,0.511,32.2,120,276,15.5835498380495,4364.10027821432
Guarea bullata,76.1,0.668,17.2,10,2437,1.97646103896104,29.338637643503
Guarea bullata,76.1,0.668,17.2,20,2437,2.65778407039437,131.845601679534
Guarea bullata,76.1,0.668,17.2,30,2251,2.96396351229648,200.230358768083
Guarea bullata,76.1,0.668,17.2,40,1869,3.34115338689822,268.36688584911
Guarea bullata,76.1,0.668,17.2,50,1489,3.3338180897074,330.908834365338
Guarea bullata,76.1,0.668,17.2,60,1254,3.40117824086652,384.984726486708
Guarea bullata,76.1,0.668,17.2,80,943,3.26043736654495,466.05757932461
Guarea bullata,76.1,0.668,17.2,100,713,3.20158700312313,552.797334767733
Guarea bullata,76.1,0.668,17.2,120,513,3.17708534467035,703.163806003945
Guarea guidonia,56.2,0.56,20.2,10,3706,3.58283378746594,84.1803188465428
Guarea guidonia,56.2,0.56,20.2,20,3706,4.65125767974703,246.153801644497
Guarea guidonia,56.2,0.56,20.2,30,3436,5.28942220471109,401.115688526718
Guarea guidonia,56.2,0.56,20.2,40,2878,6.48462080615157,651.974446581625
Guarea guidonia,56.2,0.56,20.2,50,2512,7.16734773436229,836.257047288758
Guarea guidonia,56.2,0.56,20.2,60,2201,8.12953442823014,1131.68643514969
Guarea guidonia,56.2,0.56,20.2,80,1862,9.16829534466619,1657.74727536458
Guarea guidonia,56.2,0.56,20.2,100,1691,9.73871850732849,2116.47557047115
Guarea guidonia,56.2,0.56,20.2,120,1577,9.74333753098289,2410.68837332862
Guatteria dumetorum,49.9,0.446,34.6,10,1463,7.36800435939043,286.866679180918
Guatteria dumetorum,49.9,0.446,34.6,20,1463,6.95558156137518,400.362647594263
Guatteria dumetorum,49.9,0.446,34.6,30,1768,6.91333041617176,526.652039475766
Guatteria dumetorum,49.9,0.446,34.6,40,1833,7.32469467555277,710.14517213177
Guatteria dumetorum,49.9,0.446,34.6,50,1813,7.25544072305043,821.889288039684
Guatteria dumetorum,49.9,0.446,34.6,60,1753,7.54567701777827,1028.78336061397
Guatteria dumetorum,49.9,0.446,34.6,80,1535,9.01061282850449,1614.68464032703
Guatteria dumetorum,49.9,0.446,34.6,100,1284,10.1031560153385,2487.95101455038
Guatteria dumetorum,49.9,0.446,34.6,120,1047,11.4329114335553,3202.98136544907
Guettarda foliacea,38.5,0.618,10.6,10,431,4.83534793912676,148.81686584893
Guettarda foliacea,38.5,0.618,10.6,20,431,5.15905129214583,270.360852941297
Guettarda foliacea,38.5,0.618,10.6,30,570,5.56136023983247,396.456862919664
Guettarda foliacea,38.5,0.618,10.6,40,619,5.97258286829678,546.470467115331
Guettarda foliacea,38.5,0.618,10.6,50,622,5.96247672789868,624.296508116023
Guettarda foliacea,38.5,0.618,10.6,60,613,5.65090432565689,703.646529347632
Guettarda foliacea,38.5,0.618,10.6,80,594,5.56677049860243,845.733941780529
Guettarda foliacea,38.5,0.618,10.6,100,503,5.2683987604853,976.278688173304
Guettarda foliacea,38.5,0.618,10.6,120,435,5.22703553330931,1088.31576748359
Gustavia superba,44.7,0.612,20.6,10,63,7.54840434760937,315.534948374947
Gustavia superba,44.7,0.612,20.6,20,63,5.66103729299019,303.92738230957
Gustavia superba,44.7,0.612,20.6,30,117,7.25466584560792,611.266920759709
Gustavia superba,44.7,0.612,20.6,40,180,8.13226657097521,771.621985097207
Gustavia superba,44.7,0.612,20.6,50,355,7.6457491145306,847.175815463017
Gustavia superba,44.7,0.612,20.6,60,578,7.03238945239742,871.613968761999
Gustavia superba,44.7,0.612,20.6,80,1184,6.29125401564916,987.32714911875
Gustavia superba,44.7,0.612,20.6,100,1783,5.65965688987272,1053.6564588666
Gustavia superba,44.7,0.612,20.6,120,2193,5.40083089865594,1197.51442309299
Hasseltia floribunda,47.3,0.565,15,10,490,2.3316476953007,15.1480754682992
Hasseltia floribunda,47.3,0.565,15,20,490,4.5059748449753,278.861289037615
Hasseltia floribunda,47.3,0.565,15,30,768,5.72884029576431,451.711992202602
Hasseltia floribunda,47.3,0.565,15,40,911,6.64237747690068,661.801154698666
Hasseltia floribunda,47.3,0.565,15,50,1020,7.21758866996973,833.639796059354
Hasseltia floribunda,47.3,0.565,15,60,1072,7.04815290938863,994.212096709305
Hasseltia floribunda,47.3,0.565,15,80,1141,7.79506616606189,1254.78537973582
Hasseltia floribunda,47.3,0.565,15,100,1133,7.93843389400792,1576.43724744431
Hasseltia floribunda,47.3,0.565,15,120,1056,7.90333011771837,1886.9235584622
Heisteria concinna,101.1,0.719,17.9,10,1489,2.86566670297589,35.8383358262832
Heisteria concinna,101.1,0.719,17.9,20,1489,3.46508655111541,176.057934182875
Heisteria concinna,101.1,0.719,17.9,30,1821,4.08667047492056,282.221696647564
Heisteria concinna,101.1,0.719,17.9,40,1880,4.54483980066362,420.785439894344
Heisteria concinna,101.1,0.719,17.9,50,1775,5.05667375387851,547.989389510902
Heisteria concinna,101.1,0.719,17.9,60,1658,5.41317056130709,725.953437367846
Heisteria concinna,101.1,0.719,17.9,80,1524,6.09450736052595,993.862110378531
Heisteria concinna,101.1,0.719,17.9,100,1469,6.07698253224414,1191.79552681396
Heisteria concinna,101.1,0.719,17.9,120,1395,6.22771805751411,1435.67421713181
Herrania purpurea,37,0.308,8.4,10,1432,5.22712046155487,185.071424540861
Herrania purpurea,37,0.308,8.4,20,1432,4.0851823293719,200.233167891184
Herrania purpurea,37,0.308,8.4,30,1487,3.27716744672516,196.147911401392
Herrania purpurea,37,0.308,8.4,40,1250,2.87336691359398,214.51397182308
Herrania purpurea,37,0.308,8.4,50,1030,2.5522700458664,226.014250087557
Herrania purpurea,37,0.308,8.4,60,813,2.31170886075949,237.845158055065
Herrania purpurea,37,0.308,8.4,80,380,2.08842639705398,272.610608002875
Herrania purpurea,37,0.308,8.4,100,152,-1.4303073904636,-52.9588247633014
Hieronyma alchorneoides,35.2,0.585,34.3,10,76,12.4661534100671,722.970675466123
Hieronyma alchorneoides,35.2,0.585,34.3,20,76,7.44997243660419,450.541989518432
Hieronyma alchorneoides,35.2,0.585,34.3,30,84,7.74574908806128,641.632929968087
Hieronyma alchorneoides,35.2,0.585,34.3,40,95,8.26781498810771,949.173367660134
Hieronyma alchorneoides,35.2,0.585,34.3,50,92,8.09470313166073,1506.07217870425
Hieronyma alchorneoides,35.2,0.585,34.3,60,93,9.54574412626501,1764.07727559221
Hieronyma alchorneoides,35.2,0.585,34.3,80,76,12.669510230552,2377.94763617159
Hieronyma alchorneoides,35.2,0.585,34.3,100,72,13.8073581989505,2977.59948816586
Hieronyma alchorneoides,35.2,0.585,34.3,120,72,13.5632136407955,3390.88160851169
Hirtella triandra,50.9,0.606,22.7,10,10513,2.61928390639692,49.6354603294083
Hirtella triandra,50.9,0.606,22.7,20,10513,3.87506493301373,207.65549574031
Hirtella triandra,50.9,0.606,22.7,30,10034,4.51263150042951,317.280485166571
Hirtella triandra,50.9,0.606,22.7,40,8699,5.17520435967302,488.755455686048
Hirtella triandra,50.9,0.606,22.7,50,7651,5.68501918454757,646.068627998006
Hirtella triandra,50.9,0.606,22.7,60,6945,6.08168936580043,806.115586231091
Hirtella triandra,50.9,0.606,22.7,80,5804,6.77729423352796,1147.23279995976
Hirtella triandra,50.9,0.606,22.7,100,4964,7.14395592801714,1421.14564425554
Hirtella triandra,50.9,0.606,22.7,120,4313,7.31149887238314,1687.94095318342
Hura crepitans,27.6,NA,35,80,53,11.1827244742149,2599.95298862311
Hura crepitans,27.6,NA,35,100,71,9.6184116144145,2951.17713252462
Hura crepitans,27.6,NA,35,120,83,11.5957363496295,4448.86811273622
Hybanthus prunifolius,43.2,0.58,6.5,10,104839,2.21607832322118,45.6754124434926
Hybanthus prunifolius,43.2,0.58,6.5,20,104839,2.14678788581408,88.5174505692515
Hybanthus prunifolius,43.2,0.58,6.5,30,82861,2.08236750943736,119.218392311241
Hybanthus prunifolius,43.2,0.58,6.5,40,55485,2.04362317968389,147.2395109545
Hybanthus prunifolius,43.2,0.58,6.5,50,34886,2.03136393254681,173.01661781652
Hybanthus prunifolius,43.2,0.58,6.5,60,21054,2.1063791189857,203.452123440883
Hybanthus prunifolius,43.2,0.58,6.5,80,6669,2.56583466783586,298.316108780125
Hybanthus prunifolius,43.2,0.58,6.5,100,1707,2.7513605098487,400.349584319309
Hybanthus prunifolius,43.2,0.58,6.5,120,365,3.10696839153,522.692434349345
Inga acuminata,47.7,0.321,13.3,10,831,5.95739595050619,145.025418804409
Inga acuminata,47.7,0.321,13.3,20,831,7.95022068742411,510.048808566661
Inga acuminata,47.7,0.321,13.3,30,811,8.8247959377463,767.759282670152
Inga acuminata,47.7,0.321,13.3,40,708,9.58896476276602,1049.93479550646
Inga acuminata,47.7,0.321,13.3,50,620,10.100757832396,1345.25790634361
Inga acuminata,47.7,0.321,13.3,60,554,11.0263688216196,1705.41177466516
Inga acuminata,47.7,0.321,13.3,80,439,11.3930401247207,2056.47697582199
Inga acuminata,47.7,0.321,13.3,100,358,12.0433390833409,2598.73804578942
Inga acuminata,47.7,0.321,13.3,120,278,12.1783359676089,2979.43361124232
Inga goldmanii,51.9,0.557,22.8,10,680,4.0143870896405,101.041064897275
Inga goldmanii,51.9,0.557,22.8,20,680,6.05423320108746,344.145314571426
Inga goldmanii,51.9,0.557,22.8,30,764,8.90410162941146,834.465269577028
Inga goldmanii,51.9,0.557,22.8,40,732,8.8775479043765,1026.22434338784
Inga goldmanii,51.9,0.557,22.8,50,662,9.84253797702182,1190.81190990697
Inga goldmanii,51.9,0.557,22.8,60,586,11.4098660799906,1544.63832460147
Inga goldmanii,51.9,0.557,22.8,80,453,12.0229122867515,2106.69331918244
Inga goldmanii,51.9,0.557,22.8,100,336,11.9548758722534,2560.84836253161
Inga goldmanii,51.9,0.557,22.8,120,260,11.8999794331641,2856.89701872599
Inga marginata,52.2,0.486,24.3,10,693,6.26604869950194,212.775285220284
Inga marginata,52.2,0.486,24.3,20,693,11.229964777378,902.977832886021
Inga marginata,52.2,0.486,24.3,30,575,16.3302783888855,2492.68653521103
Inga marginata,52.2,0.486,24.3,40,474,22.2271644341665,3657.3758415653
Inga marginata,52.2,0.486,24.3,50,408,23.6880496570613,4500.55899642379
Inga marginata,52.2,0.486,24.3,60,376,26.4391923589162,5284.84126402977
Inga marginata,52.2,0.486,24.3,80,342,28.4583070282368,6986.36828968143
Inga marginata,52.2,0.486,24.3,100,322,31.8478138678282,10661.5338199662
Inga marginata,52.2,0.486,24.3,120,294,33.6653647305745,12435.360554234
Inga nobilis,60.9,0.645,15.2,10,1135,3.65572598243149,89.1236284833919
Inga nobilis,60.9,0.645,15.2,20,1135,4.58322112779313,255.564707048802
Inga nobilis,60.9,0.645,15.2,30,1463,5.33145724327146,420.260463260162
Inga nobilis,60.9,0.645,15.2,40,1488,6.54360060082539,653.927446221502
Inga nobilis,60.9,0.645,15.2,50,1458,7.17320313964771,795.832520647117
Inga nobilis,60.9,0.645,15.2,60,1387,7.40057068462582,963.743095832502
Inga nobilis,60.9,0.645,15.2,80,1219,7.99696774210939,1350.98474891812
Inga nobilis,60.9,0.645,15.2,100,914,8.38202920317913,1512.48469803204
Inga nobilis,60.9,0.645,15.2,120,697,7.84413359599416,1714.93870068564
Inga sapindoides,51.3,0.612,20.7,10,308,14.184009761975,912.360657121894
Inga sapindoides,51.3,0.612,20.7,20,308,11.8295990259381,915.33424181718
Inga sapindoides,51.3,0.612,20.7,30,386,10.2946958526971,900.297774195008
Inga sapindoides,51.3,0.612,20.7,40,395,12.895108336694,1545.45002671325
Inga sapindoides,51.3,0.612,20.7,50,433,11.6034587514438,1551.25646724333
Inga sapindoides,51.3,0.612,20.7,60,466,10.7872586873782,1670.13918646299
Inga sapindoides,51.3,0.612,20.7,80,466,12.7129258857774,2085.66011831942
Inga sapindoides,51.3,0.612,20.7,100,428,12.2803086403457,2692.39729238662
Inga sapindoides,51.3,0.612,20.7,120,388,14.4217892393067,3879.44162028767
Inga umbellifera,56.7,0.665,12.7,10,1870,3.48929259668724,82.1631241516542
Inga umbellifera,56.7,0.665,12.7,20,1870,4.5146814550588,250.740345198166
Inga umbellifera,56.7,0.665,12.7,30,2169,5.10674280674189,379.692871837785
Inga umbellifera,56.7,0.665,12.7,40,2075,5.60868945253386,501.266426320557
Inga umbellifera,56.7,0.665,12.7,50,1793,6.01492916173982,626.602339855731
Inga umbellifera,56.7,0.665,12.7,60,1528,6.36439678105866,804.465215825759
Inga umbellifera,56.7,0.665,12.7,80,1110,7.0014308370007,1114.45490611876
Inga umbellifera,56.7,0.665,12.7,100,715,7.4364341148815,1490.63463291305
Inga umbellifera,56.7,0.665,12.7,120,418,7.84503016343782,1739.28045161176
Jacaranda copaia,48.1,0.374,31.8,30,53,18.6947821345629,2208.36127137745
Jacaranda copaia,48.1,0.374,31.8,40,82,17.9503236045543,2434.08518449942
Jacaranda copaia,48.1,0.374,31.8,50,98,19.2570609943585,3209.93329375742
Jacaranda copaia,48.1,0.374,31.8,60,115,20.3486457700259,4067.23946725766
Jacaranda copaia,48.1,0.374,31.8,80,170,19.7805654564617,4133.32510359208
Jacaranda copaia,48.1,0.374,31.8,100,221,21.3749522972783,6835.21381639873
Jacaranda copaia,48.1,0.374,31.8,120,265,22.9255790372285,7455.7699246839
Lacistema aggregatum,51.1,0.558,16.3,10,4083,2.26964377169951,41.0934156236112
Lacistema aggregatum,51.1,0.558,16.3,20,4083,3.14563157517689,145.852198164593
Lacistema aggregatum,51.1,0.558,16.3,30,3138,3.75210310766463,259.418821536764
Lacistema aggregatum,51.1,0.558,16.3,40,2193,4.34985677332376,386.145263923655
Lacistema aggregatum,51.1,0.558,16.3,50,1580,5.10156012395377,495.199541612025
Lacistema aggregatum,51.1,0.558,16.3,60,1189,5.17324666087217,619.333081698431
Lacistema aggregatum,51.1,0.558,16.3,80,713,5.06308731670066,794.679297390059
Lacistema aggregatum,51.1,0.558,16.3,100,460,5.22356976953977,938.364158225222
Lacistema aggregatum,51.1,0.558,16.3,120,322,4.9801970392839,1040.08915101425
Lacmellea panamensis,52.6,0.502,21.8,10,70,3.19729122665676,51.9176411755182
Lacmellea panamensis,52.6,0.502,21.8,20,70,7.46620068778384,447.921003063867
Lacmellea panamensis,52.6,0.502,21.8,30,104,8.73534154439321,785.009200762452
Lacmellea panamensis,52.6,0.502,21.8,40,118,9.51662640037766,1034.41069264646
Lacmellea panamensis,52.6,0.502,21.8,50,138,9.7602266194388,1519.58323429524
Lacmellea panamensis,52.6,0.502,21.8,60,163,10.7897586921376,1648.76773324505
Lacmellea panamensis,52.6,0.502,21.8,80,206,11.7823143641466,2349.93104563003
Lacmellea panamensis,52.6,0.502,21.8,100,225,14.1006770781264,3145.14583879343
Lacmellea panamensis,52.6,0.502,21.8,120,218,14.7375296409036,3791.97448046217
Laetia thamnia,65,0.727,14.5,10,986,4.72782296616169,133.528978159689
Laetia thamnia,65,0.727,14.5,20,986,4.95915348785423,262.988403120166
Laetia thamnia,65,0.727,14.5,30,976,5.01657232150159,348.217942635624
Laetia thamnia,65,0.727,14.5,40,884,4.53547277437676,385.147439758149
Laetia thamnia,65,0.727,14.5,50,805,4.76722261851362,457.79282809219
Laetia thamnia,65,0.727,14.5,60,719,4.68944446777014,555.893820446536
Laetia thamnia,65,0.727,14.5,80,557,4.47251151207916,652.873792234394
Laetia thamnia,65,0.727,14.5,100,429,4.51883407850102,777.017993340285
Laetia thamnia,65,0.727,14.5,120,300,4.83200707533239,944.617120709162
Licania hypoleuca,60.9,0.836,17.8,10,343,2.92785948335386,68.3548876846039
Licania hypoleuca,60.9,0.836,17.8,20,343,3.00614081837323,135.259943701999
Licania hypoleuca,60.9,0.836,17.8,30,262,3.97659227000544,249.856661235421
Licania hypoleuca,60.9,0.836,17.8,40,222,4.75548001556042,363.627108859282
Licania hypoleuca,60.9,0.836,17.8,50,195,3.79215224341926,380.818373515612
Licania hypoleuca,60.9,0.836,17.8,60,168,4.41621972478448,592.521054334932
Licania hypoleuca,60.9,0.836,17.8,80,109,5.00216464151715,749.311567239684
Licania hypoleuca,60.9,0.836,17.8,100,101,4.78740577610091,846.757414219807
Licania hypoleuca,60.9,0.836,17.8,120,88,5.15549745775666,1012.13650873752
Licania platypus,70.1,0.682,19.2,10,804,2.36942477427887,55.453048310527
Licania platypus,70.1,0.682,19.2,20,804,2.8812534964529,118.573889232449
Licania platypus,70.1,0.682,19.2,30,676,2.90514844390739,165.994531230327
Licania platypus,70.1,0.682,19.2,40,510,3.42861643050632,283.18734874359
Licania platypus,70.1,0.682,19.2,50,378,4.33598856998322,444.68264953579
Licania platypus,70.1,0.682,19.2,60,294,5.14583497550329,544.672842937691
Licania platypus,70.1,0.682,19.2,80,171,6.00436202536943,897.310777692586
Licania platypus,70.1,0.682,19.2,100,113,6.71579469326698,1114.82529458908
Licania platypus,70.1,0.682,19.2,120,74,5.63202846052942,1260.2638375265
Lindackeria laurina,66.8,0.693,17.3,60,61,4.76740549846907,541.033552115886
Lindackeria laurina,66.8,0.693,17.3,80,85,4.17785166806667,594.833611184712
Lindackeria laurina,66.8,0.693,17.3,100,122,4.58244537529508,1076.55346995029
Lindackeria laurina,66.8,0.693,17.3,120,174,4.91658719127343,1304.13503532681
Lonchocarpus heptaphyllus,42.2,0.666,30.6,10,1458,4.86593212249348,142.409175439777
Lonchocarpus heptaphyllus,42.2,0.666,30.6,20,1458,4.59019459897284,235.922674551231
Lonchocarpus heptaphyllus,42.2,0.666,30.6,30,1455,5.48559958903817,446.875582094757
Lonchocarpus heptaphyllus,42.2,0.666,30.6,40,1306,5.36157161570324,570.829096413206
Lonchocarpus heptaphyllus,42.2,0.666,30.6,50,1180,6.6661167281392,881.832079436884
Lonchocarpus heptaphyllus,42.2,0.666,30.6,60,1048,7.85018776867195,1252.65768509097
Lonchocarpus heptaphyllus,42.2,0.666,30.6,80,843,9.53060371089993,1687.56587777012
Lonchocarpus heptaphyllus,42.2,0.666,30.6,100,698,10.8703058133558,2366.76102828545
Lonchocarpus heptaphyllus,42.2,0.666,30.6,120,595,11.3148629698835,2904.66404408102
Luehea seemannii,58.5,0.572,32.4,10,127,4.89504261643221,51.0136358946506
Luehea seemannii,58.5,0.572,32.4,20,127,8.35536605197292,600.5165175408
Luehea seemannii,58.5,0.572,32.4,30,175,10.0016853252771,924.622009942162
Luehea seemannii,58.5,0.572,32.4,40,197,10.9518366248259,1169.30275683159
Luehea seemannii,58.5,0.572,32.4,50,207,11.7748252990268,1388.20668500388
Luehea seemannii,58.5,0.572,32.4,60,219,12.3215488831188,1877.65950862123
Luehea seemannii,58.5,0.572,32.4,80,230,13.0233917769661,2430.01234608099
Luehea seemannii,58.5,0.572,32.4,100,226,11.8759276995392,2666.23395184614
Luehea seemannii,58.5,0.572,32.4,120,220,14.3591135066269,4076.9080035597
Maquira guianensis,57.2,0.643,15.3,10,2916,5.45808123623464,170.118669595077
Maquira guianensis,57.2,0.643,15.3,20,2916,5.33791269941384,294.629593698524
Maquira guianensis,57.2,0.643,15.3,30,3178,5.62973574742973,430.160934718489
Maquira guianensis,57.2,0.643,15.3,40,3104,5.6771303857464,522.591960499258
Maquira guianensis,57.2,0.643,15.3,50,2923,5.7245209707526,610.009574139171
Maquira guianensis,57.2,0.643,15.3,60,2781,5.80286405255616,708.939830213559
Maquira guianensis,57.2,0.643,15.3,80,2354,5.44502320399692,824.199188871853
Maquira guianensis,57.2,0.643,15.3,100,1922,4.91516376197905,891.763359806339
Maquira guianensis,57.2,0.643,15.3,120,1539,4.95482776655154,1018.47859643824
Miconia affinis,46.2,0.57,8.7,10,789,7.93422697105519,338.178773835973
Miconia affinis,46.2,0.57,8.7,20,789,9.67442309483413,720.036488485257
Miconia affinis,46.2,0.57,8.7,30,757,8.95708446866485,769.506025885676
Miconia affinis,46.2,0.57,8.7,40,663,8.90459051494988,885.142251324326
Miconia affinis,46.2,0.57,8.7,50,546,7.855233531696,861.308638926364
Miconia affinis,46.2,0.57,8.7,60,466,8.10280530710678,1142.72648719261
Miconia affinis,46.2,0.57,8.7,80,303,8.03238422539969,1329.87235214636
Miconia affinis,46.2,0.57,8.7,100,202,7.94369265165239,1507.39613449695
Miconia affinis,46.2,0.57,8.7,120,124,8.37131846840887,1753.16805340454
Miconia argentea,56.5,0.697,20.2,10,782,12.4327056226264,766.454907338763
Miconia argentea,56.5,0.697,20.2,20,782,12.6982604426891,1044.91393264084
Miconia argentea,56.5,0.697,20.2,30,671,14.2437719755841,1529.75536805024
Miconia argentea,56.5,0.697,20.2,40,575,14.5565141363263,1754.66261761866
Miconia argentea,56.5,0.697,20.2,50,529,15.2625968078896,2210.6662422538
Miconia argentea,56.5,0.697,20.2,60,471,13.7782260231793,2169.13595318939
Miconia argentea,56.5,0.697,20.2,80,402,16.6540034164967,3282.68416763914
Miconia argentea,56.5,0.697,20.2,100,372,15.3411198048346,3706.22754903037
Miconia argentea,56.5,0.697,20.2,120,330,14.1382699772006,3863.32297666551
Mosannona garwoodii,67.7,0.73,13.2,10,1076,1.61221782565602,19.6268937589571
Mosannona garwoodii,67.7,0.73,13.2,20,1076,2.75860699336721,135.446074667319
Mosannona garwoodii,67.7,0.73,13.2,30,962,2.95834101487238,174.445953555964
Mosannona garwoodii,67.7,0.73,13.2,40,811,2.79934832103148,215.29134299027
Mosannona garwoodii,67.7,0.73,13.2,50,692,2.89043684751419,268.167221306696
Mosannona garwoodii,67.7,0.73,13.2,60,611,2.80764747076794,287.40220596642
Mosannona garwoodii,67.7,0.73,13.2,80,498,2.4573102870969,359.190360499356
Mosannona garwoodii,67.7,0.73,13.2,100,368,2.52748639301995,404.844845004215
Mosannona garwoodii,67.7,0.73,13.2,120,250,2.42267279682151,479.717608323364
Mouriri myrtilloides,76.2,0.788,8.6,10,22079,1.96448678105953,38.5508218253499
Mouriri myrtilloides,76.2,0.788,8.6,20,22079,2.00027382256298,83.000700474005
Mouriri myrtilloides,76.2,0.788,8.6,30,14616,2.04293669953065,115.638419951411
Mouriri myrtilloides,76.2,0.788,8.6,40,8582,2.07872072515568,146.703034017333
Mouriri myrtilloides,76.2,0.788,8.6,50,4822,2.01219207455127,177.627772118679
Mouriri myrtilloides,76.2,0.788,8.6,60,2685,2.12129428600415,206.016059298663
Mouriri myrtilloides,76.2,0.788,8.6,80,772,1.8915044018246,243.946822519956
Mouriri myrtilloides,76.2,0.788,8.6,100,230,0.463566020816122,96.7160910071507
Nectandra cissiflora,71.1,0.421,19.5,10,360,4.39338436303991,144.923352412886
Nectandra cissiflora,71.1,0.421,19.5,20,360,6.48862923283918,439.852304924386
Nectandra cissiflora,71.1,0.421,19.5,30,362,8.10038774972219,778.386170531722
Nectandra cissiflora,71.1,0.421,19.5,40,334,10.9036875993008,1571.57640567057
Nectandra cissiflora,71.1,0.421,19.5,50,285,15.3997947037736,2358.56922288996
Nectandra cissiflora,71.1,0.421,19.5,60,265,13.4283619504754,2165.41148651996
Nectandra cissiflora,71.1,0.421,19.5,80,211,16.209965359679,3061.64592950445
Nectandra cissiflora,71.1,0.421,19.5,100,182,15.6940214464583,3657.98478262126
Nectandra cissiflora,71.1,0.421,19.5,120,158,16.3073996650678,4307.67263493962
Ocotea cernua,61.7,0.61,14.4,10,501,5.00616776315789,176.932573507968
Ocotea cernua,61.7,0.61,14.4,20,501,6.74353817167624,445.961607915724
Ocotea cernua,61.7,0.61,14.4,30,405,6.99998933816054,559.515502735905
Ocotea cernua,61.7,0.61,14.4,40,331,8.15698743947637,813.328090637626
Ocotea cernua,61.7,0.61,14.4,50,291,8.92641814483512,1370.80388224317
Ocotea cernua,61.7,0.61,14.4,60,244,11.134838987458,1928.07439478218
Ocotea cernua,61.7,0.61,14.4,80,208,10.5764177960881,1915.24872210686
Ocotea cernua,61.7,0.61,14.4,100,182,13.2041269526368,3815.15383224617
Ocotea cernua,61.7,0.61,14.4,120,160,14.9719661378427,4497.09224343553
Ocotea puberula,49.4,0.389,26.8,10,241,11.1582037702558,615.04710335853
Ocotea puberula,49.4,0.389,26.8,20,241,10.7824297673947,804.206497112339
Ocotea puberula,49.4,0.389,26.8,30,216,9.3695532811007,794.075784139198
Ocotea puberula,49.4,0.389,26.8,40,181,15.7282260750354,2287.7195992719
Ocotea puberula,49.4,0.389,26.8,50,158,16.5929654767706,2672.02471086973
Ocotea puberula,49.4,0.389,26.8,60,132,18.5120347199063,3219.61687424691
Ocotea puberula,49.4,0.389,26.8,80,112,15.6049676467369,3715.26540260849
Ocotea puberula,49.4,0.389,26.8,100,93,20.033103029217,4927.66607372644
Ocotea puberula,49.4,0.389,26.8,120,79,27.8322541536877,10743.4291505948
Ocotea whitei,68.3,0.426,32.3,10,495,5.01441515650741,177.224060449496
Ocotea whitei,68.3,0.426,32.3,20,495,8.95883969899774,768.748136647027
Ocotea whitei,68.3,0.426,32.3,30,532,11.1120913240301,1037.04473799638
Ocotea whitei,68.3,0.426,32.3,40,551,12.6177260110432,1554.9485265729
Ocotea whitei,68.3,0.426,32.3,50,571,14.7984006760426,2230.79630659485
Ocotea whitei,68.3,0.426,32.3,60,583,16.2737623288916,2951.83923392245
Ocotea whitei,68.3,0.426,32.3,80,582,18.1315499172642,4088.23712981951
Ocotea whitei,68.3,0.426,32.3,100,574,21.9828211072093,6036.38145659708
Ocotea whitei,68.3,0.426,32.3,120,558,22.365055311579,6759.11167454491
Ouratea lucens,103.5,0.802,11.6,10,3982,1.39730937119787,27.8864562456846
Ouratea lucens,103.5,0.802,11.6,20,3982,1.45184121813044,57.7781397801172
Ouratea lucens,103.5,0.802,11.6,30,2803,1.58186153438176,89.897179144043
Ouratea lucens,103.5,0.802,11.6,40,1770,1.64843193685826,111.53725144337
Ouratea lucens,103.5,0.802,11.6,50,1108,1.55372525859549,132.514597157055
Ouratea lucens,103.5,0.802,11.6,60,698,1.98377069677138,172.041280094795
Ouratea lucens,103.5,0.802,11.6,80,300,3.42585859866579,385.611387379658
Ouratea lucens,103.5,0.802,11.6,100,133,-0.0655348267040488,41.8275337263835
Ouratea lucens,103.5,0.802,11.6,120,57,2.3473159946843,340.322156028525
Palicourea guianensis,42.4,0.32,6.2,10,971,10.0963069784622,538.871756214368
Palicourea guianensis,42.4,0.32,6.2,20,971,8.78712317871184,584.723222305325
Palicourea guianensis,42.4,0.32,6.2,30,687,7.90757099360386,602.278177327888
Palicourea guianensis,42.4,0.32,6.2,40,446,7.66789240832015,699.289081213467
Palicourea guianensis,42.4,0.32,6.2,50,285,5.0682127734453,493.754876844624
Palicourea guianensis,42.4,0.32,6.2,60,204,4.18415872092582,413.687576010765
Palicourea guianensis,42.4,0.32,6.2,80,93,1.96511380901942,269.142187353971
Pentagonia macrophylla,65.2,0.454,6.1,10,952,2.44036399852647,39.2272056033611
Pentagonia macrophylla,65.2,0.454,6.1,20,952,2.96998006131528,130.164159647965
Pentagonia macrophylla,65.2,0.454,6.1,30,949,2.8079797304948,167.401092041989
Pentagonia macrophylla,65.2,0.454,6.1,40,794,2.61793297861328,201.07939687955
Pentagonia macrophylla,65.2,0.454,6.1,50,565,2.92037599723791,247.294149467822
Pentagonia macrophylla,65.2,0.454,6.1,60,386,2.59474708640945,298.621107749099
Pentagonia macrophylla,65.2,0.454,6.1,80,172,2.59364907959512,368.311548965914
Pentagonia macrophylla,65.2,0.454,6.1,100,78,2.65551475807414,437.160458925646
Pentagonia macrophylla,65.2,0.454,6.1,120,51,2.86168880811286,518.999606831427
Perebea xanthochyma,53.7,0.623,14.1,10,540,2.57905674048586,32.0130088944161
Perebea xanthochyma,53.7,0.623,14.1,20,540,3.88563829787234,194.478229319419
Perebea xanthochyma,53.7,0.623,14.1,30,586,5.12871774797351,340.237375091078
Perebea xanthochyma,53.7,0.623,14.1,40,569,5.56489649311776,448.126493054127
Perebea xanthochyma,53.7,0.623,14.1,50,511,6.25240237414198,706.747145669281
Perebea xanthochyma,53.7,0.623,14.1,60,465,6.2943264010428,804.346415292266
Perebea xanthochyma,53.7,0.623,14.1,80,351,6.58763868855002,997.051793926235
Perebea xanthochyma,53.7,0.623,14.1,100,285,5.93172631361137,1068.50394960365
Perebea xanthochyma,53.7,0.623,14.1,120,221,5.11047173659013,1076.79938827117
Picramnia latifolia,58.7,0.699,12.5,10,2709,2.38655928233555,54.2247991134662
Picramnia latifolia,58.7,0.699,12.5,20,2709,4.17202876314236,209.879177547813
Picramnia latifolia,58.7,0.699,12.5,30,2200,4.5785665678283,327.285888366632
Picramnia latifolia,58.7,0.699,12.5,40,1754,5.45403852326892,506.774515492806
Picramnia latifolia,58.7,0.699,12.5,50,1392,5.90364533112039,688.705605502851
Picramnia latifolia,58.7,0.699,12.5,60,1157,6.15701468189233,730.191911498574
Picramnia latifolia,58.7,0.699,12.5,80,857,6.26584546139952,1024.1390868839
Picramnia latifolia,58.7,0.699,12.5,100,615,6.35026117220331,1252.1422295728
Picramnia latifolia,58.7,0.699,12.5,120,450,6.36862117034755,1527.04106527752
Platymiscium pinnatum,33.4,0.761,29.7,10,206,5.59918984794249,208.267447265986
Platymiscium pinnatum,33.4,0.761,29.7,20,206,3.97657235927393,188.694574670996
Platymiscium pinnatum,33.4,0.761,29.7,30,148,3.08455633041574,181.298860561602
Platymiscium pinnatum,33.4,0.761,29.7,40,106,7.9725017922125,880.843883914155
Platymiscium pinnatum,33.4,0.761,29.7,50,91,7.50387264052727,970.675188551966
Platymiscium pinnatum,33.4,0.761,29.7,60,90,9.37060791968768,1221.70326950669
Platymiscium pinnatum,33.4,0.761,29.7,80,77,8.97131176684855,1501.60952891281
Platymiscium pinnatum,33.4,0.761,29.7,100,87,8.66159360884425,1718.72169105294
Platymiscium pinnatum,33.4,0.761,29.7,120,88,36.3143054447946,19809.0947064336
Platypodium elegans,36.1,0.703,35.1,10,149,10.9379103431742,564.10349272145
Platypodium elegans,36.1,0.703,35.1,20,149,7.82571702862182,474.833844937596
Platypodium elegans,36.1,0.703,35.1,30,182,6.88878547925753,509.213496265861
Platypodium elegans,36.1,0.703,35.1,40,186,7.15992382388845,652.900332387959
Platypodium elegans,36.1,0.703,35.1,50,192,6.82136077106327,772.683751379416
Platypodium elegans,36.1,0.703,35.1,60,192,18.7279612842983,1449.64572668131
Platypodium elegans,36.1,0.703,35.1,80,179,49.3477001637054,21886.6871013905
Platypodium elegans,36.1,0.703,35.1,100,153,59.8054385244568,27457.941673484
Platypodium elegans,36.1,0.703,35.1,120,123,75.7838504856888,35012.8428859028
Poulsenia armata,55.8,0.315,36.2,10,592,9.08663953521894,457.516377646775
Poulsenia armata,55.8,0.315,36.2,20,592,9.86765052557186,739.78047763602
Poulsenia armata,55.8,0.315,36.2,30,1204,10.029664330998,886.263206526692
Poulsenia armata,55.8,0.315,36.2,40,1924,9.87291680730403,1041.68270311125
Poulsenia armata,55.8,0.315,36.2,50,2652,9.61521214641673,1161.39585328309
Poulsenia armata,55.8,0.315,36.2,60,3173,9.64420741825693,1327.73847708665
Poulsenia armata,55.8,0.315,36.2,80,3687,9.96672111540297,1792.07191970852
Poulsenia armata,55.8,0.315,36.2,100,3689,10.7652229878455,2319.90530169614
Poulsenia armata,55.8,0.315,36.2,120,3459,11.2863442874938,2746.00250935966
Pouteria reticulata,50.7,0.761,32,10,3217,1.92860807556613,28.9626864324379
Pouteria reticulata,50.7,0.761,32,20,3217,2.98910382555966,146.994201187306
Pouteria reticulata,50.7,0.761,32,30,2607,4.37207551502136,331.553130583742
Pouteria reticulata,50.7,0.761,32,40,1995,5.51535818254825,628.360945683106
Pouteria reticulata,50.7,0.761,32,50,1549,6.64036446137003,810.749862640526
Pouteria reticulata,50.7,0.761,32,60,1298,7.5421718895358,1312.29007669726
Pouteria reticulata,50.7,0.761,32,80,999,10.3662378905076,1993.37233370537
Pouteria reticulata,50.7,0.761,32,100,799,12.7976885171853,3167.37089556136
Pouteria reticulata,50.7,0.761,32,120,702,13.9056797164524,3682.67391125087
Pouteria stipitata,58.6,NA,22.4,10,95,3.03768001202522,60.8580572801364
Pouteria stipitata,58.6,NA,22.4,20,95,3.98139714757488,202.97921027621
Pouteria stipitata,58.6,NA,22.4,30,70,4.4718748116096,292.354589694965
Pouteria stipitata,58.6,NA,22.4,40,75,5.65072675657723,638.346779410224
Pouteria stipitata,58.6,NA,22.4,50,70,6.85519409773553,967.921879406245
Pouteria stipitata,58.6,NA,22.4,60,60,6.63627696456824,1065.41594567736
Pouteria stipitata,58.6,NA,22.4,80,64,8.47717078307292,1449.78541658306
Pouteria stipitata,58.6,NA,22.4,100,74,9.07907867795655,1736.78286161367
Pouteria stipitata,58.6,NA,22.4,120,90,8.35484434576151,1909.53457522192
Prioria copaifera,77.8,0.391,35.5,10,2433,2.27610544867988,35.8984000762713
Prioria copaifera,77.8,0.391,35.5,20,2433,3.49089878250691,176.268398421684
Prioria copaifera,77.8,0.391,35.5,30,2725,3.97954557490882,275.357600979969
Prioria copaifera,77.8,0.391,35.5,40,2648,4.64508936985702,398.910772825705
Prioria copaifera,77.8,0.391,35.5,50,2443,5.49302290572344,598.574209155331
Prioria copaifera,77.8,0.391,35.5,60,2226,6.14886554812894,870.835456490132
Prioria copaifera,77.8,0.391,35.5,80,1923,7.92844073190343,1650.0728840689
Prioria copaifera,77.8,0.391,35.5,100,1638,9.43118220559314,2400.83435827863
Prioria copaifera,77.8,0.391,35.5,120,1417,10.336056004417,3144.01205770531
Protium costaricense,45.9,0.452,16.4,10,1417,5.52454790396626,180.798327214864
Protium costaricense,45.9,0.452,16.4,20,1417,6.62833023168282,407.340761875198
Protium costaricense,45.9,0.452,16.4,30,1496,7.20715385855982,581.893925967362
Protium costaricense,45.9,0.452,16.4,40,1433,8.13528184666267,848.667828948473
Protium costaricense,45.9,0.452,16.4,50,1363,8.27485957533396,993.430812146033
Protium costaricense,45.9,0.452,16.4,60,1273,8.59755401423286,1158.61635499251
Protium costaricense,45.9,0.452,16.4,80,1114,8.92650023071453,1634.96641991357
Protium costaricense,45.9,0.452,16.4,100,969,9.18033189472743,1891.58632618603
Protium costaricense,45.9,0.452,16.4,120,790,9.33001375799467,2186.76679793495
Protium panamense,64.7,0.447,19.2,10,7862,3.60757715268137,91.2697361202711
Protium panamense,64.7,0.447,19.2,20,7862,3.97514932623349,196.805236949608
Protium panamense,64.7,0.447,19.2,30,7703,4.27533591841415,299.769048890467
Protium panamense,64.7,0.447,19.2,40,6380,4.61887364996569,412.296996841587
Protium panamense,64.7,0.447,19.2,50,5062,4.95625555957938,517.915782200787
Protium panamense,64.7,0.447,19.2,60,4012,5.21582556510482,618.511154614923
Protium panamense,64.7,0.447,19.2,80,2417,5.86306880753646,879.480687998725
Protium panamense,64.7,0.447,19.2,100,1448,6.38445904397109,1223.32195157726
Protium panamense,64.7,0.447,19.2,120,873,6.83430436680172,1433.73317193385
Protium tenuifolium,59.9,0.586,20.5,10,6599,3.69135330773999,67.7192817007844
Protium tenuifolium,59.9,0.586,20.5,20,6599,4.64643252212389,242.203012558575
Protium tenuifolium,59.9,0.586,20.5,30,6041,5.51361399105898,443.029508467873
Protium tenuifolium,59.9,0.586,20.5,40,4928,6.63947633261992,626.127848173594
Protium tenuifolium,59.9,0.586,20.5,50,4009,7.32685225244509,942.732386384027
Protium tenuifolium,59.9,0.586,20.5,60,3324,7.80185497470489,1138.66175729578
Protium tenuifolium,59.9,0.586,20.5,80,2579,8.98524666963892,1684.45424644661
Protium tenuifolium,59.9,0.586,20.5,100,2147,10.071494324826,2221.33828265973
Protium tenuifolium,59.9,0.586,20.5,120,1884,10.5132589652462,2542.67998415684
Pterocarpus rohrii,27.3,0.496,20.3,10,3688,4.3261421319797,136.151947415963
Pterocarpus rohrii,27.3,0.496,20.3,20,3688,4.84731753812259,262.571306310773
Pterocarpus rohrii,27.3,0.496,20.3,30,3320,5.22890493239834,376.64252640477
Pterocarpus rohrii,27.3,0.496,20.3,40,2630,5.85383251283674,572.321023096677
Pterocarpus rohrii,27.3,0.496,20.3,50,2094,6.15337536054986,711.240276799537
Pterocarpus rohrii,27.3,0.496,20.3,60,1709,6.34772129270833,842.100611370571
Pterocarpus rohrii,27.3,0.496,20.3,80,1106,7.13704737275476,1214.28196708497
Pterocarpus rohrii,27.3,0.496,20.3,100,786,7.40045846036336,1400.97917794595
Pterocarpus rohrii,27.3,0.496,20.3,120,571,7.4860697063895,1676.9971258263
Quararibea asterolepis,47.8,0.468,33.5,10,3371,2.41974274776341,43.0369040777847
Quararibea asterolepis,47.8,0.468,33.5,20,3371,3.86102882494978,196.990740010279
Quararibea asterolepis,47.8,0.468,33.5,30,3672,4.71052516078267,371.21560503815
Quararibea asterolepis,47.8,0.468,33.5,40,3612,5.68703625059367,545.902500268222
Quararibea asterolepis,47.8,0.468,33.5,50,3403,6.68225295057067,826.759800227748
Quararibea asterolepis,47.8,0.468,33.5,60,3158,7.39127992138011,1136.8962175926
Quararibea asterolepis,47.8,0.468,33.5,80,2742,8.87578328171768,1812.79626328366
Quararibea asterolepis,47.8,0.468,33.5,100,2422,10.3033812498105,2372.82636116385
Quararibea asterolepis,47.8,0.468,33.5,120,2160,11.8134237261938,3451.19133067974
Quassia amara,53.3,0.527,7.3,10,185,2.41302868576246,37.8508032631484
Quassia amara,53.3,0.527,7.3,20,185,2.62530536111285,122.712154137873
Quassia amara,53.3,0.527,7.3,30,302,3.17488655582729,222.248745153774
Quassia amara,53.3,0.527,7.3,40,343,2.71336029643537,200.999890969315
Quassia amara,53.3,0.527,7.3,50,366,3.01624924333193,319.183568276111
Quassia amara,53.3,0.527,7.3,60,348,3.15304528388413,378.364479758296
Quassia amara,53.3,0.527,7.3,80,285,3.51433572868962,499.790210807689
Quassia amara,53.3,0.527,7.3,100,207,3.81071175769829,613.26560362196
Quassia amara,53.3,0.527,7.3,120,153,4.54140567758244,777.863833499645
Randia armata,46.4,0.643,11.3,10,1697,2.04621848739496,29.338637643503
Randia armata,46.4,0.643,11.3,20,1697,3.25842870914566,170.656168137859
Randia armata,46.4,0.643,11.3,30,1645,3.91964685372184,260.561642190751
Randia armata,46.4,0.643,11.3,40,1625,4.20790756136729,375.397502577339
Randia armata,46.4,0.643,11.3,50,1669,4.5621960954006,454.634462027582
Randia armata,46.4,0.643,11.3,60,1815,4.60343968342817,572.360936849751
Randia armata,46.4,0.643,11.3,80,1878,4.65796675174179,703.426549049286
Randia armata,46.4,0.643,11.3,100,1740,4.66568692325891,850.322961125255
Randia armata,46.4,0.643,11.3,120,1527,4.58027446307616,961.156273644272
Rinorea sylvatica,49.3,0.673,7,10,7703,1.97403900286504,39.2077560893278
Rinorea sylvatica,49.3,0.673,7,20,7703,1.98562170155422,79.4319172596328
Rinorea sylvatica,49.3,0.673,7,30,5986,1.99239714594455,112.765716639975
Rinorea sylvatica,49.3,0.673,7,40,3989,1.98843676757844,139.609655856891
Rinorea sylvatica,49.3,0.673,7,50,2523,2.05669915531349,204.252317650612
Rinorea sylvatica,49.3,0.673,7,60,1474,2.14894677745978,242.201321532266
Rinorea sylvatica,49.3,0.673,7,80,484,2.23777734527303,301.925457551495
Rinorea sylvatica,49.3,0.673,7,100,162,2.48457154328567,379.308974289754
Simarouba amara,42.7,0.39,30.1,10,1983,8.95708446866485,419.612221328891
Simarouba amara,42.7,0.39,30.1,20,1983,11.5785078214961,946.857957418982
Simarouba amara,42.7,0.39,30.1,30,1796,13.2361425867476,1429.23517794571
Simarouba amara,42.7,0.39,30.1,40,1654,14.7858215143095,1909.69707985386
Simarouba amara,42.7,0.39,30.1,50,1512,15.4912737708138,2243.68847751081
Simarouba amara,42.7,0.39,30.1,60,1421,16.8106326701601,2972.56877949345
Simarouba amara,42.7,0.39,30.1,80,1255,18.4520057093083,3922.26600911297
Simarouba amara,42.7,0.39,30.1,100,1136,19.5363106263456,4945.72581953039
Simarouba amara,42.7,0.39,30.1,120,1026,20.494739899006,6029.97448777433
Siparuna pauciflora,51.4,0.458,7.7,10,497,4.31651600744867,115.90414900385
Siparuna pauciflora,51.4,0.458,7.7,20,497,6.10236928579141,355.165590841442
Siparuna pauciflora,51.4,0.458,7.7,30,488,7.29346504741401,545.144484111063
Siparuna pauciflora,51.4,0.458,7.7,40,460,7.18621495823629,723.967532409844
Siparuna pauciflora,51.4,0.458,7.7,50,440,8.119771362987,852.348120520992
Siparuna pauciflora,51.4,0.458,7.7,60,400,6.60453083075069,779.956077110219
Siparuna pauciflora,51.4,0.458,7.7,80,324,5.43963353372888,762.923735982433
Siparuna pauciflora,51.4,0.458,7.7,100,239,4.95555885433301,818.553980679681
Siparuna pauciflora,51.4,0.458,7.7,120,181,3.39181054291099,680.018877880393
Sloanea terniflora,54.1,0.815,34.1,10,1101,1.66970306848451,22.0404437863421
Sloanea terniflora,54.1,0.815,34.1,20,1101,1.95085409384583,80.3637524955638
Sloanea terniflora,54.1,0.815,34.1,30,1142,2.21802297062411,127.556994540553
Sloanea terniflora,54.1,0.815,34.1,40,1028,2.5286597996009,224.26251583251
Sloanea terniflora,54.1,0.815,34.1,50,869,2.65980452057984,267.347190407321
Sloanea terniflora,54.1,0.815,34.1,60,762,2.66120671852425,303.585074521304
Sloanea terniflora,54.1,0.815,34.1,80,575,3.21357367517136,494.662705795455
Sloanea terniflora,54.1,0.815,34.1,100,475,3.31783712793632,666.81630554692
Sloanea terniflora,54.1,0.815,34.1,120,382,4.54148642817623,1420.27429745092
Sorocea affinis,47.4,0.646,9.4,10,6583,2.92142176822572,62.0448206824194
Sorocea affinis,47.4,0.646,9.4,20,6583,3.11491266647907,145.167663087955
Sorocea affinis,47.4,0.646,9.4,30,7654,3.25506051366472,206.407289650495
Sorocea affinis,47.4,0.646,9.4,40,7158,3.31436214355431,263.261348896484
Sorocea affinis,47.4,0.646,9.4,50,6093,3.38010342950463,319.33105081171
Sorocea affinis,47.4,0.646,9.4,60,5103,3.43622578405264,379.692361501224
Sorocea affinis,47.4,0.646,9.4,80,3453,3.56276879004631,508.732057204215
Sorocea affinis,47.4,0.646,9.4,100,2093,3.62630998345284,608.015645444558
Sorocea affinis,47.4,0.646,9.4,120,1137,3.57139912895623,695.94911373036
Spondias radlkoferi,48.4,0.363,30.8,10,278,8.55158510523149,393.417160019545
Spondias radlkoferi,48.4,0.363,30.8,20,278,12.0350835535078,1067.40446002467
Spondias radlkoferi,48.4,0.363,30.8,30,282,15.1931702063641,1740.7973082711
Spondias radlkoferi,48.4,0.363,30.8,40,267,15.5429262725086,1885.11344465769
Spondias radlkoferi,48.4,0.363,30.8,50,262,15.4759410655662,2201.44315632958
Spondias radlkoferi,48.4,0.363,30.8,60,243,12.7929340700636,1889.59880216582
Spondias radlkoferi,48.4,0.363,30.8,80,198,14.1186974888851,2587.12152726333
Spondias radlkoferi,48.4,0.363,30.8,100,196,13.1479875236378,2804.22348727986
Spondias radlkoferi,48.4,0.363,30.8,120,194,15.1652737424039,4204.99600569057
Stylogyne turbacensis,97.6,0.569,8.2,10,2002,2.14924726172046,43.68132894053
Stylogyne turbacensis,97.6,0.569,8.2,20,2002,2.45073858163609,108.319287561016
Stylogyne turbacensis,97.6,0.569,8.2,30,1416,2.76963200627888,160.092803451748
Stylogyne turbacensis,97.6,0.569,8.2,40,950,3.09329015389655,238.534173028688
Stylogyne turbacensis,97.6,0.569,8.2,50,650,3.18410967204737,282.317520507778
Stylogyne turbacensis,97.6,0.569,8.2,60,419,3.60696523578962,407.40716144672
Stylogyne turbacensis,97.6,0.569,8.2,80,182,4.25458118185582,560.730818671386
Stylogyne turbacensis,97.6,0.569,8.2,100,74,6.74040963353776,897.49293099294
Symphonia globulifera,57.9,0.545,28,10,343,2.15962244946202,25.55209269586
Symphonia globulifera,57.9,0.545,28,20,343,5.12828574767368,329.1943332665
Symphonia globulifera,57.9,0.545,28,30,316,6.86484245439469,542.644358647648
Symphonia globulifera,57.9,0.545,28,40,255,8.62137243556341,794.40993655199
Symphonia globulifera,57.9,0.545,28,50,227,6.67488331700645,762.317697416086
Symphonia globulifera,57.9,0.545,28,60,203,8.21171070517754,1243.13449272782
Symphonia globulifera,57.9,0.545,28,80,148,9.27536967236499,1562.81312067401
Symphonia globulifera,57.9,0.545,28,100,107,8.75690329793416,2190.50117445088
Symphonia globulifera,57.9,0.545,28,120,86,10.2019562050625,2519.07818354479
Tabebuia guayacan,22.9,0.79,36.8,10,104,1.30637616378801,6.88981107203074
Tabebuia guayacan,22.9,0.79,36.8,20,104,3.96961994567792,254.175848239063
Tabebuia guayacan,22.9,0.79,36.8,30,112,5.33407876675795,385.920714682266
Tabebuia guayacan,22.9,0.79,36.8,40,98,5.1560054766787,427.918300617316
Tabebuia guayacan,22.9,0.79,36.8,50,72,7.24574539107849,963.424422973796
Tabebuia guayacan,22.9,0.79,36.8,60,74,7.84638815443722,1184.67222915455
Tabebuia guayacan,22.9,0.79,36.8,80,66,7.90996396166448,1409.60406163949
Tabebuia guayacan,22.9,0.79,36.8,100,68,9.30455115456791,1816.21764991623
Tabebuia guayacan,22.9,0.79,36.8,120,59,9.10647029334267,2078.89963819808
Tabebuia rosea,37.3,0.489,40.4,10,414,7.0120199504267,300.194724197415
Tabebuia rosea,37.3,0.489,40.4,20,414,6.35268419321999,370.437032454132
Tabebuia rosea,37.3,0.489,40.4,30,413,6.16080248924489,472.940210537872
Tabebuia rosea,37.3,0.489,40.4,40,384,6.61767011901338,620.758213234749
Tabebuia rosea,37.3,0.489,40.4,50,352,7.00034027340257,862.432431719436
Tabebuia rosea,37.3,0.489,40.4,60,340,7.05015310038912,880.477077171222
Tabebuia rosea,37.3,0.489,40.4,80,283,7.73887631432312,1313.91710431451
Tabebuia rosea,37.3,0.489,40.4,100,259,8.85893381536696,2236.09623120322
Tabebuia rosea,37.3,0.489,40.4,120,231,11.4294043751707,2715.61692490922
Tabernaemontana arborea,32.9,0.538,28.1,10,3031,5.16205337038059,146.746135394212
Tabernaemontana arborea,32.9,0.538,28.1,20,3031,6.98569327676414,447.981345773748
Tabernaemontana arborea,32.9,0.538,28.1,30,2953,8.81651711139983,782.307453048173
Tabernaemontana arborea,32.9,0.538,28.1,40,2545,9.55097093689846,1074.35922640773
Tabernaemontana arborea,32.9,0.538,28.1,50,2138,11.371984179126,1470.79318948717
Tabernaemontana arborea,32.9,0.538,28.1,60,1835,12.6185045148056,2145.80555447627
Tabernaemontana arborea,32.9,0.538,28.1,80,1422,14.5636594861962,2818.06763202045
Tabernaemontana arborea,32.9,0.538,28.1,100,1168,16.1144371988387,4496.11112297565
Tabernaemontana arborea,32.9,0.538,28.1,120,1037,17.7119989726504,5676.42361932527
Tachigali versicolor,44.9,0.582,32.6,10,6643,3.33492002885104,75.0460214600882
Tachigali versicolor,44.9,0.582,32.6,20,6643,3.64454343787499,179.02186321801
Tachigali versicolor,44.9,0.582,32.6,30,5915,4.56290663895895,364.135618223245
Tachigali versicolor,44.9,0.582,32.6,40,4418,5.76451067984746,557.214552149425
Tachigali versicolor,44.9,0.582,32.6,50,3232,6.74167424558829,793.583434036153
Tachigali versicolor,44.9,0.582,32.6,60,2332,8.67774334640568,1343.05928059496
Tachigali versicolor,44.9,0.582,32.6,80,1352,11.1456248063067,2256.17138175062
Tachigali versicolor,44.9,0.582,32.6,100,907,13.585324767495,3914.19712070229
Tachigali versicolor,44.9,0.582,32.6,120,638,17.7258474092599,6076.69447713432
Talisia nervosa,81.2,0.663,7.6,10,2173,2.79885057471264,74.7392114341089
Talisia nervosa,81.2,0.663,7.6,20,2173,2.279835557473,97.8034357964099
Talisia nervosa,81.2,0.663,7.6,30,2534,2.00712484306698,110.484871554296
Talisia nervosa,81.2,0.663,7.6,40,2283,1.76370146270229,125.602928646466
Talisia nervosa,81.2,0.663,7.6,50,1932,1.60171360613489,138.253609908945
Talisia nervosa,81.2,0.663,7.6,60,1500,1.50623516066851,151.544876164889
Talisia nervosa,81.2,0.663,7.6,80,609,1.5119378052329,183.238498297989
Talisia nervosa,81.2,0.663,7.6,100,186,1.89381546356837,276.171007824367
Talisia princeps,69.3,0.725,11.8,10,1911,1.792424801972,38.2621079895784
Talisia princeps,69.3,0.725,11.8,20,1911,2.07015872622104,81.0493651022283
Talisia princeps,69.3,0.725,11.8,30,1439,2.12112485356425,121.715075022647
Talisia princeps,69.3,0.725,11.8,40,1002,2.55221719663712,179.365070306207
Talisia princeps,69.3,0.725,11.8,50,760,2.79509409041589,269.541416862799
Talisia princeps,69.3,0.725,11.8,60,537,2.96790357529794,314.683112319263
Talisia princeps,69.3,0.725,11.8,80,295,3.72254234119522,552.824192778762
Talisia princeps,69.3,0.725,11.8,100,192,4.31427709801993,710.198388210263
Talisia princeps,69.3,0.725,11.8,120,134,3.84785062646768,746.791347455008
Terminalia oblonga,29.5,0.634,35.4,10,86,4.7608337127128,52.188556808145
Terminalia oblonga,29.5,0.634,35.4,20,86,6.45198688599806,392.621922261849
Terminalia oblonga,29.5,0.634,35.4,30,118,7.44124807534552,591.762675046567
Terminalia oblonga,29.5,0.634,35.4,40,117,7.5884858998461,700.174074043847
Terminalia oblonga,29.5,0.634,35.4,50,116,7.02298208303924,754.488101334053
Terminalia oblonga,29.5,0.634,35.4,60,112,6.54395826314278,795.103256975353
Terminalia oblonga,29.5,0.634,35.4,80,107,7.77524733797409,1437.37441756783
Terminalia oblonga,29.5,0.634,35.4,100,104,9.2132109021892,2225.12699552833
Terminalia oblonga,29.5,0.634,35.4,120,85,9.58431556266103,2649.84067820516
Tetragastris panamensis,74.8,0.589,31.3,10,11030,2.6986396431623,58.7660887390862
Tetragastris panamensis,74.8,0.589,31.3,20,11030,3.17826185658686,151.560196762449
Tetragastris panamensis,74.8,0.589,31.3,30,8503,3.8453493221547,269.102844982211
Tetragastris panamensis,74.8,0.589,31.3,40,6306,4.41919552798666,403.94228894906
Tetragastris panamensis,74.8,0.589,31.3,50,4993,5.13423474363385,618.063561094402
Tetragastris panamensis,74.8,0.589,31.3,60,4057,5.65041011889202,807.472587151181
Tetragastris panamensis,74.8,0.589,31.3,80,2856,6.91498028871539,1350.68645971497
Tetragastris panamensis,74.8,0.589,31.3,100,2217,7.77560612371264,1759.33937845051
Tetragastris panamensis,74.8,0.589,31.3,120,1758,9.06073279009816,2340.44724024341
Trattinnickia aspera,54.6,0.439,29,40,62,15.6099785941857,1968.73911467054
Trattinnickia aspera,54.6,0.439,29,50,88,16.2445761160021,2324.23342963391
Trattinnickia aspera,54.6,0.439,29,60,103,17.6844389661548,3312.80203174088
Trattinnickia aspera,54.6,0.439,29,80,119,18.6906404349045,4556.08568125295
Trattinnickia aspera,54.6,0.439,29,100,135,28.0827136464975,10145.9382691696
Trattinnickia aspera,54.6,0.439,29,120,127,28.4981380817205,11278.1706874884
Trichilia pallida,50.9,0.573,16.7,10,977,4.62616750447308,116.501675306719
Trichilia pallida,50.9,0.573,16.7,20,977,4.94248492590895,268.88355443348
Trichilia pallida,50.9,0.573,16.7,30,991,5.68468080583648,517.167429188456
Trichilia pallida,50.9,0.573,16.7,40,934,6.66790540353178,687.342244483614
Trichilia pallida,50.9,0.573,16.7,50,865,6.9450223577421,828.400512421629
Trichilia pallida,50.9,0.573,16.7,60,811,7.41649854803967,1000.28156123102
Trichilia pallida,50.9,0.573,16.7,80,719,8.35250423441239,1326.22197630229
Trichilia pallida,50.9,0.573,16.7,100,614,7.9394418945914,1737.74549308227
Trichilia pallida,50.9,0.573,16.7,120,556,7.82673994257204,1804.42940090463
Trichilia tuberculata,57.8,0.692,29.3,10,28238,2.45020095532784,51.4129197777544
Trichilia tuberculata,57.8,0.692,29.3,20,28238,2.87031666031503,132.623629447609
Trichilia tuberculata,57.8,0.692,29.3,30,24613,3.18017653375065,206.266835650913
Trichilia tuberculata,57.8,0.692,29.3,40,19984,3.65184155631056,319.18926435483
Trichilia tuberculata,57.8,0.692,29.3,50,16609,4.04505387384476,448.994793197729
Trichilia tuberculata,57.8,0.692,29.3,60,14012,4.77199791821315,661.326869559858
Trichilia tuberculata,57.8,0.692,29.3,80,10479,5.74777300913543,1018.57814807901
Trichilia tuberculata,57.8,0.692,29.3,100,8300,6.60798833765663,1475.57987395614
Trichilia tuberculata,57.8,0.692,29.3,120,7005,7.47985036105665,1964.01527831782
Triplaris cumingiana,40.8,0.529,28.1,10,129,15.2689007470309,1021.32140686279
Triplaris cumingiana,40.8,0.529,28.1,20,129,12.4899149722834,994.993329247572
Triplaris cumingiana,40.8,0.529,28.1,30,202,13.3821948216624,1443.34724638357
Triplaris cumingiana,40.8,0.529,28.1,40,256,13.242065106819,1623.6388664578
Triplaris cumingiana,40.8,0.529,28.1,50,314,11.2595776181322,1576.51521313434
Triplaris cumingiana,40.8,0.529,28.1,60,397,13.4432353297272,1977.03002321976
Triplaris cumingiana,40.8,0.529,28.1,80,506,12.8841296075169,2362.00057507496
Triplaris cumingiana,40.8,0.529,28.1,100,540,12.4102629399381,2793.1963512604
Triplaris cumingiana,40.8,0.529,28.1,120,543,12.0084407218127,2923.46761093313
Trophis caucana,40.8,0.475,12,10,148,0.202691453940069,3.34306340887861
Trophis caucana,40.8,0.475,12,20,148,7.00775206465777,707.631425833112
Trophis caucana,40.8,0.475,12,30,239,12.5733788816934,1156.8911546385
Trophis caucana,40.8,0.475,12,40,326,12.0167360866109,1322.67408724004
Trophis caucana,40.8,0.475,12,50,410,11.1221695399741,1348.26237831418
Trophis caucana,40.8,0.475,12,60,460,10.2848772405188,1401.53024962735
Trophis caucana,40.8,0.475,12,80,452,9.03298701382185,1458.84059642616
Trophis caucana,40.8,0.475,12,100,404,8.50897963287424,1577.00159381274
Trophis caucana,40.8,0.475,12,120,345,8.69394732055642,1807.53762022413
Trophis racemosa,45.1,0.631,18.4,10,653,3.55762987012987,77.5613736334487
Trophis racemosa,45.1,0.631,18.4,20,653,5.01446618442395,287.085685774069
Trophis racemosa,45.1,0.631,18.4,30,552,5.89283583383384,455.441524878075
Trophis racemosa,45.1,0.631,18.4,40,477,7.07862070333049,741.87999967318
Trophis racemosa,45.1,0.631,18.4,50,408,8.11702318144614,1140.16071747816
Trophis racemosa,45.1,0.631,18.4,60,371,8.42762483345455,1284.09112002721
Trophis racemosa,45.1,0.631,18.4,80,261,10.2327898806734,1728.25726358636
Trophis racemosa,45.1,0.631,18.4,100,206,7.361778806756,1412.90461374609
Trophis racemosa,45.1,0.631,18.4,120,172,8.94057618371353,2016.05148799038
Turpinia occidentalis,38.4,0.407,22.6,50,67,11.8989144540489,2656.12721672295
Turpinia occidentalis,38.4,0.407,22.6,60,94,15.4990345687931,3569.08910638666
Turpinia occidentalis,38.4,0.407,22.6,80,129,15.2067680979231,4097.86995534299
Turpinia occidentalis,38.4,0.407,22.6,100,156,24.1843645049212,6041.49762009937
Turpinia occidentalis,38.4,0.407,22.6,120,170,23.0493835294903,6116.47870785544
Unonopsis pittieri,50.3,0.428,22.2,10,990,8.11221428538949,356.75743827855
Unonopsis pittieri,50.3,0.428,22.2,20,990,7.5508403362481,471.669010266085
Unonopsis pittieri,50.3,0.428,22.2,30,1111,7.26948164430693,563.318036769321
Unonopsis pittieri,50.3,0.428,22.2,40,1124,8.29174794249047,877.635665739216
Unonopsis pittieri,50.3,0.428,22.2,50,1120,8.79809659652533,1059.03331829946
Unonopsis pittieri,50.3,0.428,22.2,60,1102,8.46747034934138,1226.0556444948
Unonopsis pittieri,50.3,0.428,22.2,80,1051,9.19236881363078,1608.50200504365
Unonopsis pittieri,50.3,0.428,22.2,100,1058,9.32886548424507,1905.01969340057
Unonopsis pittieri,50.3,0.428,22.2,120,974,9.09639344057465,2158.29650283793
Virola sebifera,60.1,0.487,30.5,10,2214,3.35863099713898,76.1140129822279
Virola sebifera,60.1,0.487,30.5,20,2214,4.93823094143496,286.170786532604
Virola sebifera,60.1,0.487,30.5,30,2879,6.59121100532441,593.912486882367
Virola sebifera,60.1,0.487,30.5,40,2998,8.24968742295821,898.43502321277
Virola sebifera,60.1,0.487,30.5,50,2834,9.19253355704699,1201.73352057238
Virola sebifera,60.1,0.487,30.5,60,2710,9.83057380213062,1470.94175594911
Virola sebifera,60.1,0.487,30.5,80,2519,10.6012045294878,1941.0037429197
Virola sebifera,60.1,0.487,30.5,100,2426,10.9990807001673,2446.14678057013
Virola sebifera,60.1,0.487,30.5,120,2434,11.6315224148907,2882.05997596684
Virola surinamensis,49.5,0.407,37.3,10,67,3.11016498137307,87.9378431124051
Virola surinamensis,49.5,0.407,37.3,20,67,15.9584149679927,2350.67435078868
Virola surinamensis,49.5,0.407,37.3,30,106,30.7277908147428,4960.73974449576
Virola surinamensis,49.5,0.407,37.3,40,133,24.3328993587857,3908.74326973024
Virola surinamensis,49.5,0.407,37.3,50,162,22.5401897181632,3842.00702481849
Virola surinamensis,49.5,0.407,37.3,60,192,20.6021788075869,3670.51008785909
Virola surinamensis,49.5,0.407,37.3,80,228,15.026681538025,2909.91183868332
Virola surinamensis,49.5,0.407,37.3,100,265,18.2563288627631,5147.92193134227
Virola surinamensis,49.5,0.407,37.3,120,279,18.0678498104191,5499.97615650938
Xylopia macrantha,67,0.84,19.8,10,2612,3.55622438318153,86.8040383688658
Xylopia macrantha,67,0.84,19.8,20,2612,4.79114413903325,248.058295009216
Xylopia macrantha,67,0.84,19.8,30,2532,5.58456920220488,435.330785048185
Xylopia macrantha,67,0.84,19.8,40,2359,6.00293771341751,579.723958694503
Xylopia macrantha,67,0.84,19.8,50,2178,6.36951426351821,689.516897549314
Xylopia macrantha,67,0.84,19.8,60,2041,6.68371765552263,846.756274484702
Xylopia macrantha,67,0.84,19.8,80,1680,6.8296276047109,1074.1745260846
Xylopia macrantha,67,0.84,19.8,100,1451,6.38834214231813,1200.90041340062
Xylopia macrantha,67,0.84,19.8,120,1209,6.1601142019669,1342.27181854861
Xylosma oligandra,40.2,NA,8.5,10,180,2.58516015592161,27.8022768066601
Xylosma oligandra,40.2,NA,8.5,20,180,2.83331524885047,125.30031100813
Xylosma oligandra,40.2,NA,8.5,30,253,2.93480823093751,174.048783383112
Xylosma oligandra,40.2,NA,8.5,40,259,3.12930666335227,260.341868884812
Xylosma oligandra,40.2,NA,8.5,50,237,3.81440275936283,300.894212110321
Xylosma oligandra,40.2,NA,8.5,60,198,4.90134692681084,579.948242590387
Xylosma oligandra,40.2,NA,8.5,80,112,6.86481274971764,861.937629009532
Xylosma oligandra,40.2,NA,8.5,100,72,11.0733568278229,1435.75841679451
Zanthoxylum acuminatum,68.6,0.579,23.2,10,168,1.56910618960138,24.6291700342454
Zanthoxylum acuminatum,68.6,0.579,23.2,20,168,9.06884423947283,666.395668150357
Zanthoxylum acuminatum,68.6,0.579,23.2,30,186,11.4627910047514,1131.9799503937
Zanthoxylum acuminatum,68.6,0.579,23.2,40,185,14.3676988411378,2262.12613009414
Zanthoxylum acuminatum,68.6,0.579,23.2,50,191,15.9421115124656,2569.7243732933
Zanthoxylum acuminatum,68.6,0.579,23.2,60,183,17.8955028266281,3104.36659008457
Zanthoxylum acuminatum,68.6,0.579,23.2,80,161,19.2419064357216,3845.98945187078
Zanthoxylum acuminatum,68.6,0.579,23.2,100,164,20.3200197084032,5205.26513443979
Zanthoxylum acuminatum,68.6,0.579,23.2,120,164,20.538872097854,5933.42699479354
Zanthoxylum ekmanii,52.3,0.435,31.1,10,70,36.526269925782,5609.84654116649
Zanthoxylum ekmanii,52.3,0.435,31.1,20,70,31.3747680681255,4928.94025724298
Zanthoxylum ekmanii,52.3,0.435,31.1,30,84,37.1010502615923,7632.2656315475
Zanthoxylum ekmanii,52.3,0.435,31.1,40,94,32.7294267599287,7015.12845179166
Zanthoxylum ekmanii,52.3,0.435,31.1,50,110,37.5771741305445,8646.76129378112
Zanthoxylum ekmanii,52.3,0.435,31.1,60,124,32.6011874800661,8169.94255582863
Zanthoxylum ekmanii,52.3,0.435,31.1,80,139,40.1057510949654,11808.9905782942
Zanthoxylum ekmanii,52.3,0.435,31.1,100,157,42.8045955483543,15373.7012135721
Zanthoxylum ekmanii,52.3,0.435,31.1,120,183,37.9846861615639,13733.918548937
Zanthoxylum panamense,38.4,0.552,28.2,10,162,9.60515291148093,479.645060208989
Zanthoxylum panamense,38.4,0.552,28.2,20,162,11.5826776870454,996.960029896317
Zanthoxylum panamense,38.4,0.552,28.2,30,199,16.5134766598887,2333.21396855782
Zanthoxylum panamense,38.4,0.552,28.2,40,229,17.418254326747,2761.98451086188
Zanthoxylum panamense,38.4,0.552,28.2,50,237,17.9792892249026,3260.66732608908
Zanthoxylum panamense,38.4,0.552,28.2,60,238,22.9683882034587,4232.18776144766
Zanthoxylum panamense,38.4,0.552,28.2,80,235,22.742404340901,5050.03885571219
Zanthoxylum panamense,38.4,0.552,28.2,100,231,25.2838566336037,7023.87061675667
Zanthoxylum panamense,38.4,0.552,28.2,120,219,25.431812673448,7672.69726256493
